"JASID","時代","経度","緯度","中期"
1310100200,"[縄文時代（前期〜晩期）]",139.7550845,35.6866013,1
1310100800,"[縄文時代（中期）][弥生時代][古墳時代][奈良時代][平安時代]",139.7510672,35.69479204,1
1310100900,"[縄文時代（中期）][弥生時代][平安時代]",139.7491794,35.69628581,1
1310101000,"[縄文時代（後期）][弥生時代（中期）][近世]",139.7438231,35.67281761,1
1310101100,"[縄文時代（中期）]",139.7395316,35.6742121,1
1310102200,"[旧石器時代][縄文時代（早期〜後期）][弥生時代][古墳時代][中世][近世]",139.754735,35.69037522,1
1310104200,"[旧石器時代][縄文時代（早期・中期〜後期）][弥生時代（後期）][中世][近世][近代]",139.7371627,35.68084957,1
1310105700,"[縄文時代（早期・中期・晩期）][近世]",139.7324409,35.68314519,1
1310107100,"[縄文時代（前期・中期・後期）][弥生時代（後期）][平安時代]",139.7500377,35.68272514,1
1310300100,"[縄文時代（早期・中期〜後期）]",139.719524078993,35.6680171187889,1
1310303800,"[縄文時代（中期）]",139.72563522375,35.6604301748088,1
1310304500,"[縄文時代（前期・中期）][近世]",139.731010481376,35.6548082864047,1
1310304600,"[縄文時代（中期）]",139.732675596208,35.6534692449026,1
1310306400,"[縄文時代（中期）][奈良時代][平安時代][中世][近世]",139.7332249134,35.6323624246326,1
1310306500,"[縄文時代（中期）]",139.724298521144,35.6433699167102,1
1310307000,"[縄文時代（中期）]",139.730617028112,35.6386605400666,1
1310309900,"[縄文時代（前期〜中期）][弥生時代][古墳時代]",139.740760847128,35.6631767884883,1
1310310000,"[縄文時代（前期〜後期）][弥生時代][古墳時代][奈良時代][平安時代]",139.74316410706,35.665059580064,1
1310314901,"[縄文時代（中期〜後期）][近世]",139.749117250543,35.6666611437705,1
1310401000,"[旧石器時代][縄文時代（中期?後期）][弥生時代（後期）][古墳時代][奈良時代][平安時代]",139.6947029,35.70849936,1
1310401400,"[縄文時代（中期）]",139.7102829,35.68568879,1
1310401500,"[旧石器時代][縄文時代（前期〜後期）][近世]",139.7282492,35.69941572,1
1310401700,"[縄文時代（前期、中期、後期）][弥生時代（後期）][古墳時代][奈良時代][近世]",139.7368646,35.69725793,1
1310402700,"[旧石器時代][縄文時代（中期）][近世]",139.7235352,35.68920231,1
1310403700,"[縄文時代（早期・中期）][近世]",139.7168778,35.69222771,1
1310403800,"[縄文時代（中期）][近世]",139.7252518,35.68931384,1
1310404000,"[縄文時代（前期〜後期）][近世]",139.7328101,35.69031143,1
1310404300,"[旧石器時代][縄文時代（早期・中期〜後期）][弥生時代（後期）][古墳時代][奈良時代][平安時代][近世]",139.7008827,35.7061576,1
1310405400,"[縄文時代（前期〜後期）][近世]",139.7231879,35.6941138,1
1310405500,"[縄文時代（中期〜後期）][近世]",139.725204,35.696808,1
1310405900,"[縄文時代（中期）][近世]",139.7289597,35.68836577,1
1310406000,"[旧石器時代][縄文時代（早期?中期）][弥生時代（後期）][近世]",139.7176675,35.70731839,1
1310406100,"[旧石器時代][縄文時代（早期〜晩期）][平安時代][近世]",139.7290067,35.69304468,1
1310406200,"[縄文時代（前期〜中期）][近世]",139.7202736,35.68842154,1
1310406800,"[旧石器時代][縄文時代（前期?中期）][弥生時代（後期）][古墳時代][中世][近世]",139.689965,35.70440123,1
1310406900,"[縄文時代（早期?中期）][近世]",139.6869542,35.68300677,1
1310407700,"[旧石器時代][縄文時代（前期〜中期）][古墳時代][奈良時代][平安時代]",139.690914,35.71507608,1
1310407900,"[旧石器時代][縄文時代（草創期〜後期）][弥生時代（後期）][古墳時代][奈良時代][平安時代][近世]",139.6947029,35.70590669,1
1310408000,"[旧石器時代][縄文時代（早期〜後期）][弥生時代（後期）][古墳時代][近世]",139.7115907,35.71294957,1
1310408400,"[旧石器時代][縄文時代（中期）][近世]",139.71763,35.69486265,1
1310408800,"[旧石器時代][縄文時代（早期〜後期）][近世]",139.7285411,35.69747797,1
1310409300,"[縄文時代（前期?中期）][近世]",139.7179047,35.68998307,1
1310410000,"[縄文時代（中期）][近世]",139.7383409,35.69852653,1
1310410300,"[旧石器時代][縄文時代（中期?後期）][奈良時代][平安時代][近世]",139.7218033,35.70478144,1
1310410400,"[縄文時代（前期〜後期）][近世]",139.7200333,35.68376465,1
1310410700,"[旧石器時代][縄文時代（早期〜後期）][弥生時代（後期）][古墳時代]",139.6900837,35.70114116,1
1310411000,"[旧石器時代][縄文時代（早期〜後期][近世]",139.7204484,35.69892663,1
1310411500,"[縄文時代（前期?中期）][古墳時代][中世][近世]",139.6884014,35.69609467,1
1310411700,"[縄文時代（前期〜後期）][近世]",139.7289597,35.6907917,1
1310412400,"[縄文時代（中期〜後期）][中世][近世]",139.7199646,35.68117118,1
1310412500,"[縄文時代（中期?晩期）][近世]",139.7238889,35.69891966,1
1310412600,"[縄文時代（前期〜中期）][奈良時代][平安時代][近世]",139.7379333,35.70485643,1
1310412800,"[縄文時代（早期?中期）][中世][近世]",139.708635,35.69656346,1
1310413000,"[縄文時代（前期〜中期）][古墳時代][奈良時代][近世]",139.7401134,35.70244486,1
1310414600,"[縄文時代（中期?後期）][近世]",139.725204,35.696808,1
1310415100,"[縄文時代（中期）][近世]",139.7128235,35.69218589,1
1310501400,"[旧石器時代][縄文時代（中期?晩期）][弥生時代][近世]",139.7560854,35.72972681,1
1310502100,"[旧石器時代][縄文時代（中期?晩期）][近世]",139.7455797,35.7204176,1
1310502600,"[旧石器時代][縄文時代（中期）][弥生時代][奈良時代][近世]",139.7412882,35.72300979,1
1310503200,"[縄文時代][弥生時代（中期）][近世]",139.7560854,35.70383111,1
1310505800,"[縄文時代（前期?中期）][奈良時代][平安時代][近世]",139.7568407,35.70266017,1
1310509700,"[旧石器時代][縄文時代（中期）][弥生時代（中期）][平安時代][近世]",139.7612503,35.72554791,1
1310511700,"[縄文時代（中期）][弥生時代（後期）][近世]",139.7595337,35.72526919,1
1310513100,"［縄文時代（早期・中期）］［弥生時代］[古墳時代][奈良時代]［近世］",139.7500773,35.71286351,1
1310900400,"[縄文時代（早期〜中期）][弥生時代（後期）]",139.7229069,35.63109445,1
1310900600,"[縄文時代（中期）]",139.7229391,35.62535828,1
1310901000,"[縄文時代（早期〜後期）][弥生時代][中世]",139.7245685,35.61720399,1
1310901400,"[縄文時代（中期〜後期）][古墳時代]",139.7328131,35.60031371,1
1310901600,"[縄文時代（中期〜晩期）]",139.7303114,35.59305438,1
1310902200,"[縄文時代（中期）]",139.7380697,35.60181908,1
1310903000,"[縄文時代（早期〜後期）][古墳時代]",139.7289666,35.61491723,1
1311000100,"[旧石器時代][縄文時代（草創期〜早期・中期・晩期）][平安時代][近世]",139.6851627,35.66038101,1
1311000200,"[旧石器時代][縄文時代（早期〜後期）]",139.6804591,35.65884679,1
1311000300,"［旧石器時代］[縄文時代（早期〜後期）][弥生時代（前期〜後期）][古墳時代][奈良時代][平安時代][中世][近世]［近代］",139.6875316,35.65337917,1
1311000400,"[縄文時代（中期）]",139.6854716,35.65477401,1
1311000500,"[縄文時代（中期）]",139.6994455,35.64762793,1
1311000600,"[縄文時代（中期）]",139.6915147,35.65273328,1
1311000700,"[縄文時代（中期）]",139.6910341,35.64628877,1
1311000800,"[旧石器時代][縄文時代（早期〜晩期）][弥生時代（後期）][古墳時代][平安時代][中世][近世][近代]",139.6866739,35.64782322,1
1311000900,"[縄文時代（中期〜後期）][弥生時代（後期）]",139.6915834,35.64333137,1
1311001200,"[縄文時代（早期〜前期）][弥生時代（中期）]［近世］",139.7051446,35.64402888,1
1311001300,"[縄文時代（中期〜後期）]",139.6997201,35.63989954,1
1311001400,"[縄文時代（中期）]",139.70281,35.63666288,1
1311001500,"[旧石器時代][縄文時代（早期〜後期）][中世][近世]",139.7015397,35.63607692,1
1311001600,"[縄文時代（中期）]",139.697983,35.635895,1
1311001900,"[縄文時代（中期）]",139.7136411,35.63236011,1
1311002000,"[縄文時代（早期〜後期）][弥生時代（後期）]",139.7075822,35.62857065,1
1311002100,"[縄文時代（中期）]",139.7057626,35.63130536,1
1311002200,"[縄文時代（中期〜後期）][近世]",139.6955316,35.63208669,1
1311002300,"[縄文時代（中期）]",139.693815,35.63694191,1
1311002700,"[縄文時代（中期）]",139.6873649,35.61685121,1
1311002800,"[縄文時代（中期）]",139.6853049,35.61325077,1
1311002900,"[縄文時代（早期・中期〜後期）][平安時代][中世][近世]",139.6873992,35.61210641,1
1311003100,"[縄文時代（中期〜後期）]",139.6782732,35.6217545,1
1311003300,"[旧石器時代][縄文時代（草創期〜後期）][平安時代][中世][近世]",139.6726427,35.62084051,1
1311003400,"[縄文時代（中期）]",139.6670466,35.61911017,1
1311003500,"[縄文時代（中期）]",139.6650896,35.61777053,1
1311003600,"[縄文時代（中期）]",139.6670122,35.62215219,1
1311003700,"[縄文時代（中期）]",139.6657419,35.62402199,1
1311003800,"[縄文時代（中期〜後期）]",139.6783419,35.61857292,1
1311003900,"[縄文時代（中期）]",139.6784728,35.60934314,1
1311004000,"[縄文時代（前期〜後期）]",139.683245,35.60780795,1
1311004100,"[縄文時代（前期〜後期）]",139.6832107,35.60613316,1
1311004700,"[旧石器時代][縄文時代（草創期〜晩期）][弥生時代（後期）][古墳時代][平安時代][中世][近世][近代]",139.684373,35.65446715,1
1311005100,"[旧石器時代][縄文時代（前期〜後期）][弥生時代（後期）][近世]",139.713776,35.640392,1
1311005200,"[縄文時代（中期）]",139.6855066,35.64154572,1
1311005300,"[旧石器時代][縄文時代（中期）][弥生時代（後期）][近世][近代]",139.6816957,35.65566243,1
1311005400,"[旧石器時代][縄文時代（早期〜中期・晩期）][弥生時代（後期）][近世]",139.6977975,35.64944134,1
1311005600,"[縄文時代（前期〜中期）][中世][近世][近代]",139.6939523,35.65030619,1
1311005700,"[縄文時代（中期）]",139.6802875,35.66160835,1
1311005800,"[縄文時代（中期）]",139.7063806,35.62608701,1
1311104800,"[縄文時代（早期〜晩期）][弥生時代][近世]",139.6724802,35.58533812,1
1311106000,"[縄文時代（前期〜晩期）]",139.7035017,35.59549274,1
1311106700,"[旧石器時代][縄文時代（前期〜中期）]",139.7014033,35.58769331,1
1311106900,"[縄文時代（中期〜晩期）]",139.7303283,35.59301536,1
1311107600,"[縄文時代（前期〜中期）]",139.6882712,35.586053,1
1311107800,"[縄文時代（前期〜中期）]",139.6912324,35.58052107,1
1311108500,"[縄文時代（中期〜後期）]",139.6891725,35.57711795,1
1311116900,"[縄文時代（中期〜後期）]",139.7112401,35.59008824,1
1311120300,"[縄文時代（中期）]",139.690231,35.60333962,1
1311122700,"[縄文時代（前期〜後期）]",139.683016,35.60469027,1
1311200100,"[旧石器時代][縄文時代（早期〜後期）][古墳時代][奈良時代][平安時代][近世]",139.59153,35.67412332,1
1311200200,"[縄文時代（中期）]",139.5984894,35.66311113,1
1311200300,"[旧石器時代][縄文時代（中期〜後期）][弥生時代（後期）][古墳時代][奈良時代][平安時代][中世][近世]",139.596436,35.659981,1
1311200400,"[縄文時代（中期）]",139.611902,35.66315993,1
1311200500,"[旧石器時代][縄文時代（早期〜後期）][近世]",139.6152536,35.65838154,1
1311200700,"[縄文時代（早期〜晩期）][平安時代][中世][近世]",139.6035377,35.65423201,1
1311200900,"[旧石器時代][縄文時代（早期〜晩期）][弥生時代][古墳時代][平安時代][近世]",139.6006734,35.63379948,1
1311201800,"[旧石器時代][縄文時代（早期・中期〜後期）][弥生時代][古墳時代][奈良時代][平安時代][中世][近世]",139.5990011,35.63509307,1
1311201900,"[旧石器時代][縄文時代（早期〜晩期）][弥生時代][古墳時代][平安時代][中世][近世]",139.5923661,35.6414265,1
1311202200,"[縄文時代（中期）]",139.5986874,35.64361844,1
1311202300,"[旧石器時代][縄文時代（早期〜中期）][古墳時代][奈良時代][平安時代][近世]",139.5935426,35.62879711,1
1311204800,"[旧石器時代][縄文時代（早期〜中期）][弥生時代（後期）][古墳時代][奈良時代][中世]",139.604996,35.64027,1
1311205200,"[旧石器時代][縄文時代（早期〜晩期）][弥生時代（後期）][古墳時代][奈良時代][平安時代][中世][近世]",139.620575,35.624981,1
1311205300,"[縄文時代（早期〜後期）][中世][近世]",139.62178,35.660549,1
1311205400,"[縄文時代（早期〜中期）][古墳時代][奈良時代][平安時代]",139.619125,35.65461,1
1311205500,"[縄文時代（早期〜中期）]",139.623856,35.652687,1
1311205600,"[縄文時代（中期）]",139.619125,35.65461,1
1311205700,"[縄文時代（中期）]",139.619995,35.666279,1
1311205800,"[旧石器時代][縄文時代（中期）][中世][近世]",139.633484,35.660751,1
1311206000,"[縄文時代（中期）]",139.631516,35.658089,1
1311206100,"[縄文時代（中期）]",139.631516,35.658089,1
1311206200,"[縄文時代（早期・中期）][近世]",139.641525,35.655247,1
1311206400,"[旧石器時代][縄文時代（中期）][弥生時代][近世]",139.641525,35.655247,1
1311206500,"[縄文時代（中期）][弥生時代]",139.645782,35.658005,1
1311206600,"[縄文時代（中期）][弥生時代][近世]",139.638824,35.658394,1
1311207000,"[旧石器時代][縄文時代（草創期〜中期）][近世]",139.6555,35.65914,1
1311207300,"[縄文時代（中期）]",139.6628,35.66686,1
1311207400,"[縄文時代（中期）][弥生時代]",139.6617,35.66532,1
1311207600,"[縄文時代（早期〜晩期）][近世]",139.6543,35.66495,1
1311207700,"[縄文時代（中期〜後期）]",139.6511,35.66374,1
1311207900,"[縄文時代（中期）]",139.6581,35.66298,1
1311208100,"[縄文時代（中期）]",139.6566,35.66301,1
1311208200,"[縄文時代（中期）]",139.672,35.66532,1
1311208300,"[縄文時代（中期）]",139.6664,35.66835,1
1311208400,"[縄文時代（中期）]",139.6736,35.65812,1
1311208500,"[縄文時代（早期〜後期）][古墳時代][中世][近世]",139.6755,35.65216,1
1311208600,"[旧石器時代][縄文時代（早期〜後期）][弥生時代（中期）][古墳時代][平安][その他（近代）]",139.6412,35.64488,1
1311208700,"[縄文時代（中期）]",139.6439,35.64958,1
1311208900,"[縄文時代（中期）][弥生時代]",139.6485,35.64927,1
1311209000,"[縄文時代（中期）]",139.647,35.64023,1
1311209200,"[縄文時代（中期）]",139.6409,35.63985,1
1311209600,"[旧石器時代][縄文時代（早期〜中期）][近世]",139.6846,35.6413,1
1311209900,"[縄文時代（中期）]",139.6704,35.64323,1
1311210000,"[縄文時代（中期）]",139.6699,35.63502,1
1311210300,"[縄文時代（中期）]",139.6581,35.62882,1
1311210500,"[旧石器時代][縄文時代（早期〜後期）][弥生時代（後期）][古墳時代][奈良時代][平安時代][中世][近世]",139.6318,35.61599,1
1311210700,"[旧石器時代][縄文時代（早期〜晩期）][弥生時代（後期）][古墳時代][奈良時代][平安時代][中世][近世]",139.6244,35.62158,1
1311211600,"[縄文時代（中期）]",139.6354,35.61884,1
1311211700,"[旧石器時代][縄文時代（早期〜中期）][弥生時代（後期）][古墳時代][奈良時代][平安時代][中世][近世]",139.6336,35.6134,1
1311212100,"[旧石器時代][縄文時代（中期）][古墳時代][中世][近世]",139.6451,35.60425,1
1311212300,"[旧石器時代][縄文時代（早期〜後期）][中世][近世]",139.6424,35.60424,1
1311212500,"[縄文時代（前期〜中期）]",139.6408,35.60633,1
1311214200,"[縄文時代（中期）]",139.6797,35.6018,1
1311214300,"[旧石器時代][縄文時代（早期〜後期）][弥生時代（後期）][平安時代][中世][近世]",139.6748,35.60334,1
1311214400,"[縄文時代（中期）]",139.6707,35.60486,1
1311214500,"[旧石器時代][縄文時代（前期〜後期）][弥生時代（後期）][古墳時代][近世]",139.6635,35.6037,1
1311214600,"[縄文時代（中期）]",139.6588,35.60078,1
1311215200,"[縄文時代（中期）]",139.6033,35.64713,1
1311215300,"[縄文時代（早期・中期）]",139.6029,35.6368,1
1311215400,"[縄文時代（中期）][古墳時代]",139.5999,35.64037,1
1311215500,"[旧石器時代][縄文時代（早期〜後期）][古墳時代]",139.5937,35.63851,1
1311215800,"[縄文時代（中期）]",139.6001,35.6511,1
1311215900,"[旧石器時代][縄文時代（早期〜晩期）][弥生時代（中期〜後期][古墳時代][奈良時代][平安時代][中世][近世]",139.5966,35.6261,1
1311220000,"[旧石器時代][縄文時代（中期）][弥生時代（後期）][古墳時代]",139.6803853,35.65597217,1
1311220100,"[縄文時代（早期・中期）][古墳時代][近世][近代]",139.679939,35.65312672,1
1311221400,"[縄文時代（中期）]",139.6465816,35.61714492,1
1311221900,"[縄文時代（前期〜中期）]",139.637116,35.6092867,1
1311223300,"[縄文時代（草創期〜中期）][弥生時代][古墳時代][奈良時代][平安時代][近世]",139.585719,35.64107299,1
1311223500,"[縄文時代（中期）][古墳時代][奈良時代][近世]",139.5926841,35.63108708,1
1311223800,"[縄文時代（早期・中期）][中世][近世]",139.6198115,35.66199384,1
1311224100,"[縄文時代（早期〜中期）][近世]",139.6237425,35.66276092,1
1311224200,"[縄文時代（中期）][古墳時代][近世]",139.6283087,35.66380693,1
1311224600,"[旧石器時代][縄文時代（早期〜晩期）][奈良時代][平安時代]",139.6031945,35.63250431,1
1311224700,"[縄文時代（早期〜晩期）][古墳時代][近世]",139.601044,35.63098942,1
1311224800,"[縄文時代（早期〜中期）][古墳時代][中世][近世]",139.620332,35.62631979,1
1311225000,"[縄文時代（早期〜晩期）][古墳時代]",139.6356912,35.61181815,1
1311225800,"[縄文時代（早期〜後期）][古墳時代][近世]",139.6044304,35.63911735,1
1311226400,"[縄文時代（早期・中期〜後期）][古墳時代][奈良時代][平安時代][中世][近世]",139.6029495,35.62791983,1
1311227400,"[旧石器時代][縄文時代（早期〜中期）][奈良時代][近世]",139.6263713,35.62034255,1
1311227500,"[縄文時代（早期〜後期）]",139.6606921,35.60829709,1
1311227800,"[旧石器時代][縄文時代（中期）][中世][近世]",139.6085982,35.6676234,1
1311228000,"[縄文時代（中期〜晩期）][古墳時代][奈良時代][平安時代][中世][近世]",139.5953277,35.63203595,1
1311228100,"[旧石器時代][縄文時代(早期〜後期)][奈良時代][平安時代][中世][近世]",139.6064007,35.62882062,1
1311228800,"[縄文時代（早期〜晩期）][弥生時代][古墳時代][奈良時代][平安時代][中世][近世]",139.6192162,35.62029178,1
1311229400,"[旧石器時代][縄文時代（中期）][弥生時代][古墳時代]",139.6837499,35.647854,1
1311229500,"[縄文時代（前期〜中期）]",139.6512484,35.60195673,1
1311229600,"[旧石器時代][縄文時代（早期〜後期）][弥生時代（後期）][古墳時代][中世][近世]",139.6479353,35.60406427,1
1311229700,"[旧石器時代][縄文時代（早期〜後期）][古墳時代][中世][近世]",139.6479182,35.60188694,1
1311229800,"[縄文時代（中期）]",139.675095,35.606098,1
1311231900,"[旧石器時代][縄文時代（中期〜後期）][近世]",139.6738242,35.63776747,1
1311232000,"[縄文時代（中期）]",139.6551263,35.60050906,1
1311232100,"[縄文時代（中期）][近世]",139.656326,35.599365,1
1311232200,"[縄文時代（早期・中期）][古墳時代]",139.6206925,35.62435236,1
1311232500,"[旧石器時代][縄文時代（早期〜後期）][古墳時代][奈良時代][平安時代][近世]",139.6721799,35.65106232,1
1311300300,"[縄文時代（早期〜後期）]",139.6886542,35.67131712,1
1311300600,"[縄文時代（中期）]",139.6897872,35.67449659,1
1311300700,"[縄文時代（中期）]",139.6753964,35.67072841,1
1311300800,"[縄文時代（中期）]",139.6794476,35.67117466,1
1311301000,"[縄文時代（中期）]",139.6796536,35.66749299,1
1311301100,"[縄文時代（中期）]",139.674847,35.66478742,1
1311301500,"[縄文時代（中期）]",139.6845631,35.66453638,1
1311301600,"[縄文時代（中期）]",139.697884,35.68085216,1
1311302100,"[縄文時代（中期）]",139.6971287,35.6784817,1
1311302600,"[縄文時代（中期）][弥生時代][奈良時代][平安時代]",139.69809,35.66961276,1
1311302700,"[縄文時代（中期）]",139.6912922,35.6695012,1
1311302800,"[縄文時代（中期）]",139.6922878,35.67262497,1
1311303000,"[縄文時代（中期）]",139.6962704,35.66534528,1
1311303300,"[縄文時代（中期）]",139.689774,35.659973,1
1311303800,"[縄文時代（中期）]",139.6968781,35.65743279,1
1311303900,"[旧石器時代][縄文時代（中期）]",139.6980297,35.65605875,1
1311304200,"[縄文時代（中期）][弥生時代]",139.7007763,35.65499869,1
1311304400,"[縄文時代（中期）]",139.699453,35.65149082,1
1311304600,"[縄文時代（中期〜後期）]",139.7020809,35.65307382,1
1311304900,"[縄文時代（中期）]",139.701051,35.65086991,1
1311305300,"[縄文時代（中期）]",139.7029392,35.64955871,1
1311305800,"[縄文時代（早期〜晩期）][弥生時代（後期）][古墳時代][平安時代]",139.720998,35.64621084,1
1311306300,"[縄文時代（中期）]",139.707491,35.66677346,1
1311306700,"[縄文時代（中期）]",139.7082754,35.65738975,1
1311307100,"[縄文時代（中期）]",139.709564,35.653313,1
1311307400,"[縄文時代（中期）]",139.7119489,35.65596707,1
1311307500,"[縄文時代（中期）][弥生時代]",139.7106443,35.65513018,1
1311308200,"[縄文時代（中期）]",139.6987359,35.67572944,1
1311400200,"[旧石器時代][縄文時代（中期〜後期）]",139.6390995,35.72158396,1
1311400300,"[縄文時代（中期）]",139.6329197,35.72300547,1
1311400600,"[旧石器時代][縄文時代（早期・中期〜後期）]",139.6360782,35.7208035,1
1311400900,"[縄文時代（中期）]",139.6501888,35.71720775,1
1311401100,"[縄文時代（中期）]",139.6410907,35.71952132,1
1311401200,"[縄文時代（中期）]",139.6508754,35.71402998,1
1311401400,"[縄文時代（前期〜中期）]",139.6540354,35.71617321,1
1311401500,"[縄文時代（中期）]",139.6577433,35.71831956,1
1311401800,"[縄文時代（中期）][弥生時代]",139.6532787,35.71835061,1
1311402700,"[縄文時代（早期〜後期）][弥生時代]",139.6661404,35.72901701,1
1311403100,"[縄文時代（中期）]",139.6637343,35.72492548,1
1311403200,"[縄文時代（中期）]",139.6630476,35.7268765,1
1311403300,"[縄文時代（中期）]",139.6748608,35.72737263,1
1311403800,"[縄文時代（中期）]",139.668784,35.73211058,1
1311404000,"[縄文時代（中期）]",139.6713246,35.73174827,1
1311404100,"[縄文時代（中期）]",139.669814,35.73238927,1
1311404300,"[縄文時代（中期）][近世]",139.6742399,35.72255633,1
1311404600,"[縄文時代（中期〜後期）]",139.6688841,35.71887704,1
1311404700,"[縄文時代（中期〜後期）][弥生時代][古墳時代][奈良時代]",139.6667898,35.71985262,1
1311404800,"[縄文時代（中期）]",139.6672362,35.72336464,1
1311404900,"[縄文時代（中期）]",139.6652792,35.72107906,1
1311405100,"[縄文時代（中期）]",139.6622237,35.72110693,1
1311405300,"[旧石器時代][縄文時代（早期〜後期）][弥生時代][古墳時代][近世]",139.6622065,35.71639621,1
1311405500,"[縄文時代（中期）]",139.6684206,35.71720458,1
1311405900,"[縄文時代（中期）]",139.6759027,35.70462815,1
1311406300,"[縄文時代（中期）]",139.6788209,35.70404268,1
1311407100,"[縄文時代（中期）]",139.6837743,35.69830215,1
1311407800,"[縄文時代（中期）]",139.6679815,35.69303242,1
1311408000,"[縄文時代（中期）]",139.6663583,35.69684951,1
1311408200,"[縄文時代（中期）][古墳時代]",139.6705907,35.69018829,1
1311408500,"[縄文時代（中期）]",139.6684621,35.68779022,1
1311408600,"[縄文時代（早期〜中期）][弥生時代][古墳時代]",139.6678098,35.68988157,1
1311409500,"[縄文時代（早期〜後期）][近世]",139.6750787,35.7029275,1
1311409900,"[縄文時代（早期〜後期）][中世][近世]",139.673313,35.72110693,1
1311500300,"[旧石器時代][縄文時代（早期・中期）][古墳時代][近世]",139.602460458889,35.7213630372198,1
1311500600,"[旧石器時代][縄文時代（中期）]",139.59878690516,35.7226173215019,1
1311500700,"[縄文時代（中期）][弥生時代][古墳時代]",139.63108689648,35.7173483488927,1
1311501200,"[縄文時代（中期）]",139.595182016244,35.7128055040362,1
1311501400,"[縄文時代（中期・後期）][古墳時代]",139.595799996939,35.7160112016798,1
1311501500,"[旧石器時代][縄文時代（早期〜後期）]",139.587577904396,35.7171043033363,1
1311501700,"[縄文時代（早期・中期）]",139.601341402685,35.7174331078583,1
1311501800,"[縄文時代（中期）][古墳時代]",139.620855876056,35.7164006061625,1
1311502600,"[旧石器時代][縄文時代（草創期〜後期）][近世]",139.614063038336,35.7040541469689,1
1311502700,"[縄文時代（中期）]",139.6084359286,35.7067564273284,1
1311502800,"[縄文時代（中期）]",139.608298598975,35.7084569858328,1
1311502900,"[縄文時代（前期〜後期）]",139.606353915678,35.710603543545,1
1311503500,"[縄文時代（中期）][弥生時代]",139.62283807595,35.6952595226836,1
1311503800,"[縄文時代（中期）]",139.624245698718,35.6996926913246,1
1311503900,"[縄文時代（中期）]",139.621341480981,35.7010152506106,1
1311504000,"[縄文時代（中期〜後期）]",139.616912616932,35.7025207709267,1
1311504400,"[縄文時代（早期・中期）][古墳時代]",139.631790885178,35.6929129093091,1
1311504500,"[縄文時代（早期〜後期）][弥生時代][古墳時代]",139.632374532812,35.6940839933574,1
1311504600,"[縄文時代（前期〜後期）][古墳時代]",139.624100454967,35.6913514378719,1
1311504700,"[縄文時代（草創期〜後期）][弥生時代][古墳時代][中世]",139.626538045996,35.6936099850923,1
1311504800,"[縄文時代（中期）]［古墳時代］",139.629532872271,35.6954105193301,1
1311504900,"[縄文時代（早期〜中期）][古墳時代]",139.63680145351,35.6873865292026,1
1311505000,"[縄文時代（中期）][弥生時代]",139.63408920323,35.6880278833687,1
1311505300,"[縄文時代（草創期〜中期）][弥生時代（後期）][近世]",139.638003082493,35.6847931743494,1
1311505400,"[旧石器時代][縄文時代（草創期〜後期）][弥生時代]",139.639582367292,35.683398862586,1
1311505900,"[縄文時代（中期）][弥生時代][古墳時代]",139.641127319685,35.6864105452541,1
1311506000,"[旧石器時代][縄文時代（早期〜後期）][弥生時代（後期）][古墳時代][奈良時代][近世]",139.657343921961,35.6835046375596,1
1311506200,"[旧石器時代][縄文時代（草創期〜後期）][弥生時代][古墳時代][奈良時代]",139.647187343126,35.6877839189564,1
1311506300,"[縄文時代（中期）][平安時代][中世][近世]",139.652159748901,35.6856518665046,1
1311506400,"[旧石器時代][縄文時代（草創期〜早期）][縄文時代（中期）][近世]",139.654871999181,35.6880221150651,1
1311506500,"[縄文時代（中期）][弥生時代][古墳時代][奈良時代][平安時代]",139.651267110265,35.6872134473887,1
1311506800,"[縄文時代（早期〜後期）][弥生時代（後期）][古墳時代][平安時代][近世]",139.662614032148,35.6936162124348,1
1311507100,"[縄文時代（中期）][古墳時代]",139.65954118942,35.6895836522106,1
1311507200,"[縄文時代（早期〜中期）][弥生時代（後期）][古墳時代][中世][近世]",139.653824,35.685158,1
1311507600,"[旧石器時代][縄文時代（早期〜中期）][中世][近世][近代]",139.604323121186,35.6837613860418,1
1311507700,"[縄文時代（中期〜後期）]",139.588961370319,35.6940979345153,1
1311507800,"[縄文時代（中期〜晩期）][古墳時代][中世]",139.613695831124,35.682032413789,1
1311508000,"[縄文時代（中期）][古墳時代]",139.61002227805,35.6847374029318,1
1311508100,"[旧石器時代][縄文時代（早期〜中期）][弥生時代（後期）][近世]",139.623514862017,35.6796898759574,1
1311508200,"[縄文時代（中期）]",139.616751404812,35.6819487533542,1
1311508300,"[旧石器時代][縄文時代（草創期〜後期）][中世][近世]",139.634899779917,35.6725989252946,1
1311508400,"[縄文時代（中期〜後期）][古墳時代]",139.631775542725,35.6752763464028,1
1311508500,"[旧石器時代][縄文時代（早期〜後期）]",139.624891893501,35.6747984240377,1
1311508600,"[縄文時代（中期〜後期）]",139.630316392587,35.6767785524597,1
1311508700,"[縄文時代（中期）]",139.633234635341,35.6783681974922,1
1311508900,"[旧石器時代][縄文時代（中期）]",139.647782368288,35.6708551224911,1
1311509100,"[縄文時代（中期）][奈良時代][平安時代]",139.649825153127,35.6747199242506,1
1311510100,"[旧石器時代][縄文時代（草創期〜後期）][近世]",139.605868073579,35.6863826594506,1
1311510200,"[縄文時代（中期）]",139.605895341007,35.7057528021821,1
1311510300,"[縄文時代（中期）]",139.609153523217,35.7029947283528,1
1311510400,"[縄文時代（中期）]",139.592394597203,35.6916442159619,1
1311510500,"[縄文時代（中期）]",139.592420528649,35.6867081379573,1
1311510600,"[縄文時代（早期・中期）]",139.610090942208,35.6816698827431,1
1311510800,"[縄文時代（早期・中期）][弥生時代]",139.600752564022,35.6885855789032,1
1311511000,"[旧石器時代][縄文時代（草創期〜後期）][古墳時代][中世][近世]",139.616133423463,35.6845979730205,1
1311511100,"[縄文時代（中期・後期）]",139.621660919277,35.6766221595849,1
1311511200,"［縄文時代（中期）］[古墳時代][奈良時代][平安時代][近世]",139.653131553174,35.7002740623489,1
1311511500,"[旧石器時代][縄文時代（中期〜後期）][古墳時代]",139.599645212045,35.7207219511738,1
1311511700,"[縄文時代（中期）]",139.604082794997,35.6871913334213,1
1311511900,"[旧石器時代][縄文時代（草創期〜後期）][古墳時代]",139.600649566803,35.6862153470847,1
1311512100,"[旧石器時代][縄文時代（中期）]",139.590403325492,35.6926201358761,1
1311512300,"[旧石器時代][縄文時代（早期・中期〜後期）][近世]",139.61913019047,35.6985495704003,1
1311512400,"[縄文時代（中期）]",139.643015594831,35.6888644258731,1
1311512700,"[縄文時代（草創期〜後期）][近世]",139.595491005937,35.7114953128606,1
1311512800,"[縄文時代（中期）]",139.62326113869,35.6901678538759,1
1311512900,"[旧石器時代][縄文時代（中期）][弥生時代][古墳時代][近世]",139.62892596413,35.6885784433969,1
1311513500,"[縄文時代（草創期〜後期）][近世]",139.658717212977,35.6790426826167,1
1311513700,"[縄文時代（中期）]",139.64225487182,35.6687074969672,1
1311513800,"[縄文時代（中期）]",139.60666290668,35.7166804904785,1
1311514200,"[縄文時代（早期・中期）]",139.608228282202,35.7242617980684,1
1311514300,"[縄文時代（中期）][奈良時代][平安時代][近世]",139.610633733347,35.7284389538132,1
1311514400,"[縄文時代（草創期〜後期）]",139.609844091275,35.7269896625722,1
1311514500,"[縄文時代（早期・中期）]",139.611629369858,35.723087594123,1
1311515900,"[縄文時代（中期）]",139.636689396639,35.7087101821443,1
1311516000,"[縄文時代（中期〜後期）][古墳時代][近世]",139.637410373898,35.7069817501745,1
1311516300,"[縄文時代（中期）][近世]",139.646611422786,35.7009319452748,1
1311516500,"[縄文時代（中期）][古墳時代]",139.656152791837,35.6991588324352,1
1311516700,"[縄文時代（中期）][古墳時代]",139.637320177946,35.6734876072804,1
1311516800,"[縄文時代（早期〜中期）][古墳時代][奈良時代][平安時代][近世]",139.644040149747,35.6722775433842,1
1311517100,"[縄文時代（中期）][古墳時代][奈良時代][平安時代][近世]",139.655283985438,35.6769510561602,1
1311517500,"[縄文時代（早期〜中期）][弥生時代（後期）][近世]",139.66292302184,35.6919711035123,1
1311517600,"[旧石器時代][縄文時代（早期〜後期）]　[弥生時代（後期）][古墳時代][中世][近世]",139.627432480931,35.6771411057286,1
1311517800,"[縄文時代（草創期・中期）]",139.629492417454,35.6775873227117,1
1311517900,"[縄文時代（中期）][近世]",139.616397632801,35.7040262649413,1
1311518000,"[旧石器時代][縄文時代（早期・中期）][古墳時代][中世]",139.637694092146,35.6831199973093,1
1311518100,"[旧石器時代][縄文時代（中期）]",139.625437470224,35.6774030454055,1
1311518500,"[旧石器時代][縄文時代（早期〜後期）][弥生時代][中世][近世]",139.649241505493,35.6784291440134,1
1311518700,"[縄文時代（中期〜晩期）]［弥生時代（後期）］",139.645281525793,35.6888086565039,1
1311600600,"[縄文時代（中期〜後期）][弥生時代（後期）][近世]",139.735708,35.73549611,1
1311600800,"[縄文時代（中期）][弥生時代（後期）][近世]",139.7494409,35.73394593,1
1311601100,"[縄文時代（中期？）][平安時代？][近世]",139.6983545,35.73959264,1
1320200200,"[縄文時代（中期）][平安時代][中世]",139.3647032,35.73408838,1
1320201100,"[縄文時代（中期）][奈良時代][平安時代]",139.3906385,35.6976392,1
1320201400,"[旧石器時代][縄文時代（早期・中期〜後期）][奈良時代][平安時代][中世][近世]",139.4089033,35.69072429,1
1320201500,"[縄文時代（中期）]",139.4044053,35.69032936,1
1320201800,"[旧石器時代][縄文時代（早期〜後期）][奈良時代][平安時代]",139.4234894,35.69047063,1
1320202000,"[縄文時代（中期）][奈良時代][平安時代][近世]",139.4104825,35.6913935,1
1320202100,"[縄文時代（前期〜中期）][奈良時代][平安時代]",139.4059507,35.69256461,1
1320300300,"[旧石器時代][縄文時代（早期〜後期）]",139.5731,35.70024,1
1320300400,"[旧石器時代] [縄文時代（早期〜中期）]",139.5804,35.70076,1
1320300500,"[旧石器時代] [縄文時代（早期〜後期）] [平安時代]",139.5852,35.69714,1
1320400100,"[旧石器時代][縄文時代（早期〜後期）][奈良時代][平安時代][近世]",139.5281783,35.6866886,1
1320400200,"[旧石器時代][縄文時代（中期）][近世]",139.5294654,35.68325278,1
1320400300,"[旧石器時代][縄文時代（早期〜後期）]",139.5313359,35.68085111,1
1320400500,"[縄文時代（中期）][近世]",139.5272323,35.68011585,1
1320400600,"[旧石器時代][縄文時代（早期〜後期）][古墳時代][近世]",139.5331371,35.67883908,1
1320400800,"[縄文時代（前期〜中期）][近世]",139.5311942,35.67851858,1
1320400900,"[縄文時代（中期）]",139.52998,35.67678015,1
1320401000,"[旧石器時代][縄文時代（早期・中期）][中世]",139.5326815,35.67554427,1
1320401200,"[旧石器時代][縄文時代（早期〜中期）][奈良時代][平安時代][近世]",139.5359284,35.67582296,1
1320401400,"[旧石器時代][縄文時代（早期〜晩期）][古墳時代][奈良時代][平安時代][中世][近世]",139.5358014,35.67239775,1
1320401500,"[旧石器時代][縄文時代（早期〜中期）][奈良時代][平安時代]",139.5373271,35.66874042,1
1320401600,"[縄文時代（中期）][奈良時代][平安時代][近世]",139.5407272,35.66787721,1
1320401700,"[縄文時代（中期）]",139.540178,35.6647383,1
1320401800,"[旧石器時代][縄文時代（草創期〜中期）][近世]",139.5407709,35.67571175,1
1320402000,"[旧石器時代][縄文時代（早期〜中期）][近世]",139.5404034,35.66997304,1
1320402300,"[旧石器時代][縄文時代（早期・中期）][近世]",139.5651184,35.68168289,1
1320402400,"[旧石器時代][縄文時代（早期・中期〜後期）][近世]",139.5677619,35.67933557,1
1320402500,"[縄文時代（前期〜中期）][平安時代][近世]",139.5652209,35.67565823,1
1320402600,"[旧石器時代][縄文時代（前期〜中期）][奈良時代][平安時代][中世][近世]",139.571823380309,35.6774360619802,1
1320402700,"[旧石器時代][縄文時代（早期〜中期）][古墳時代][奈良時代][平安時代][中世][近世]",139.571480058865,35.6746948638498,1
1320402800,"[旧石器時代][縄文時代（前期〜後期）][中世][近世]",139.531342084976,35.6733467630983,1
1320402900,"[縄文時代（早期・中期）][近世]",139.576114914733,35.6754559488085,1
1320403000,"[旧石器時代][縄文時代（草創期〜後期）][古墳時代][近世]",139.57930990106,35.6736343807408,1
1320403100,"[旧石器時代][縄文時代（早期〜中期）][弥生時代][古墳時代][奈良時代][平安時代][中世][近世]",139.576872061371,35.6710462028253,1
1320403200,"[旧石器時代][縄文時代（中期）][古墳時代][近世]",139.572580525637,35.6692053884358,1
1320403300,"[旧石器時代][縄文時代（早期・中期）][近世]",139.577352712441,35.6664719818901,1
1320403400,"[縄文時代（中期）][奈良時代][平安時代][近世]",139.581163594485,35.6650494564809,1
1320403500,"[縄文時代（早期・中期）][奈良時代][平安時代][近世]",139.584665485527,35.6713529995003,1
1320403600,"[縄文時代（中期）][近世]",139.569042466527,35.6718500828739,1
1320403700,"[縄文時代（前期〜後期）][近世]",139.566812702979,35.6704604933254,1
1320403800,"[旧石器時代][縄文時代（前期〜中期）][奈良時代][平安時代][中世][近世]",139.566847035385,35.667978155259,1
1320403900,"[旧石器時代][縄文時代（中期）][近世]",139.568632313313,35.6677550202174,1
1320404000,"[縄文時代（中期）][古墳時代]",139.566057392658,35.6655236333696,1
1320404100,"[旧石器時代][縄文時代（前期〜中期）]",139.571138569809,35.6660535938188,1
1320404200,"[旧石器時代][縄文時代（前期〜中期）][古墳時代]",139.571104238058,35.6648820972567,1
1320404300,"[旧石器時代][縄文時代（早期〜後期）][弥生時代][古墳時代][奈良時代][平安時代][近世]",139.575636098671,35.664854205792,1
1320404400,"[縄文時代（中期）][近世]",139.574704387231,35.6844999844124,1
1320404500,"[縄文時代（中期）][近世]",139.578995921655,35.6865914140537,1
1320404600,"[縄文時代（中期）][近世]",139.582794531217,35.6884691761277,1
1320404700,"[縄文時代（中期）][近世]",139.586034036801,35.6851413617852,1
1320404800,"[旧石器時代][縄草][縄文時代（早期〜後期）][弥生時代][古墳時代][奈良時代][平安時代][中世][近世]",139.575481754201,35.6984233956942,1
1320404900,"[旧石器時代][縄文時代（早期・中期〜後期）]",139.579773288625,35.6974196645829,1
1320405000,"[縄文時代（早期〜後期）][奈良時代][平安時代]",139.57791934523,35.6990088988769,1
1320405100,"[縄文時代（早期〜後期）]",139.582760196846,35.6967783859344,1
1320405200,"[旧石器時代][縄文時代（草創期〜中期）]",139.585678441564,35.6932094364653,1
1320405300,"[縄文時代（中期〜後期）]",139.585575445,35.6947151062878,1
1320405400,"[縄文時代（中期）][近世]",139.581661565081,35.6924565903627,1
1320405500,"[縄文時代（早期〜中期）][近世]",139.588596686282,35.687632631074,1
1320500400,"[縄文時代（中期）]",139.247277998334,35.8258888103,1
1320500600,"[縄文時代（中期）]",139.232031508986,35.8110397178005,1
1320500800,"[縄文時代（中期）]",139.24865128935,35.824608317824,1
1320500900,"[旧石器時代][縄文時代（早期〜後期）][奈良時代][平安時代]",139.267499709718,35.8337383417722,1
1320501300,"[縄文時代（中期）]",139.267911702523,35.816563008558,1
1320501400,"[縄文時代（中期〜後期）]",139.274026655727,35.8087072694474,1
1320501500,"[縄文時代（中期）]",139.274057180342,35.8189572020885,1
1320501600,"[縄文時代（中期）]",139.279962331316,35.820432657293,1
1320501700,"[縄文時代（中期）]",139.282502919564,35.8196531756027,1
1320501800,"[縄文時代（前期〜後期）]",139.287893086408,35.8234669965174,1
1320501900,"[縄文時代（前期〜中期）]",139.292733937369,35.8238010463515,1
1320502100,"[縄文時代（中期）]",139.288408070539,35.8265847286152,1
1320502200,"[縄文時代（中期〜後期）]",139.293111593184,35.83101058131,1
1320502300,"[縄文時代（中期〜後期）]",139.29276826912,35.8331538337386,1
1320502400,"[縄文時代（中期）]",139.28882005876,35.8360763520822,1
1320502500,"[縄文時代（中期）]",139.174500980464,35.8059254417065,1
1320502600,"[縄文時代（前期〜中期）]",139.177419221253,35.8005514495198,1
1320502800,"[縄文時代（早期〜後期）][平安時代]",139.184937988778,35.807150551674,1
1320502900,"[縄文時代（中期）]",139.186791932173,35.8067050602924,1
1320503000,"[縄文時代（前期〜中期）]",139.193315063187,35.8058976001304,1
1320503300,"[縄文時代（早期〜中期）][奈良時代][平安時代]",139.210687192374,35.807623886848,1
1320503400,"[縄文時代（前期〜中期）][奈良時代][平安時代]",139.210755857186,35.8111877077629,1
1320503700,"[縄文時代（中期）]",139.215493711583,35.8050901338838,1
1320503800,"[縄文時代（早期〜後期）][平安時代]",139.21442941157,35.8028904363126,1
1320504000,"[縄文時代（前期〜後期）][奈良時代][平安時代]",139.217416319136,35.8010248213646,1
1320504100,"[縄文時代（中期〜後期）]",139.219132932906,35.8006906767634,1
1320504300,"[縄文時代（中期）]",139.220094236355,35.7992705478557,1
1320504400,"[縄文時代（前期〜中期）]",139.220059904603,35.7975162356086,1
1320504500,"[縄文時代（中期）]",139.223424467984,35.7986300892789,1
1320504700,"[縄文時代（中期）][奈良時代][平安時代]",139.208867584005,35.803085346203,1
1320504800,"[縄文時代（中期〜後期）]",139.211408171598,35.8013032712928,1
1320505000,"[縄文時代（中期）][奈良時代][平安時代]",139.214635404699,35.79935408271,1
1320505200,"[縄文時代（中期〜後期）]",139.214189084071,35.7921695217354,1
1320505300,"[縄文時代（前期〜後期）][奈良時代][平安時代]",139.220162900513,35.7946758391833,1
1320505400,"[縄文時代（中期〜後期）]",139.225450072756,35.7915011566402,1
1320505500,"[縄文時代（中期）]",139.226377043144,35.7881592489688,1
1320505700,"[縄文時代（中期〜後期）][奈良時代][平安時代]",139.223012480581,35.7823941303963,1
1320505900,"[縄文時代（早期〜中期）][奈良時代][平安時代]",139.227887664276,35.7793860743306,1
1320506000,"[縄文時代（早期〜後期）][奈良時代][平安時代]",139.232865844863,35.7784669217334,1
1320506200,"[縄文時代（中期〜後期）]",139.228780305532,35.7868503003375,1
1320506400,"[縄文時代（早期〜後期）][奈良時代][平安時代]",139.237706695824,35.7864603974994,1
1320506600,"[縄文時代（前期〜中期）]",139.239560639219,35.788883346308,1
1320506800,"[旧石器時代][縄文時代（早期〜後期）][奈良時代][平安時代]",139.246564423922,35.7903315118991,1
1320507200,"[縄文時代（前期〜後期）][奈良時代][平安時代]",139.250855958346,35.78565273343,1
1320507500,"[縄文時代（中期〜後期）]",139.239114319246,35.7815028664302,1
1320507600,"[縄文時代（早期〜後期）]",139.242513214378,35.7834803474012,1
1320507800,"[縄文時代（中期〜後期）][平安時代]",139.248109376315,35.7840652285792,1
1320507900,"[縄文時代（中期）]",139.248830353574,35.7828119124189,1
1320508000,"[縄文時代（前期〜中期）][平安時代]",139.25559022047,35.7842298419753,1
1320508100,"[縄文時代（中期〜晩期）][奈良時代][平安時代]",139.260946055562,35.7839513295575,1
1320508400,"[縄文時代（中期）]",139.26163629236,35.7882706501738,1
1320508500,"[縄文時代（中期〜後期）]",139.262182017607,35.7884631107899,1
1320508800,"[縄文時代（前期〜後期）]",139.27172638974,35.783422154444,1
1320508900,"[縄文時代（中期〜後期）]",139.278558512739,35.7828094204608,1
1320509200,"[縄文時代（前期〜後期）]",139.274541636911,35.7808040732271,1
1320509500,"[縄文時代（早期〜後期）][奈良時代][平安時代]",139.2862536642,35.7640721005247,1
1320509800,"[縄文時代（中期）]",139.273683329208,35.7913315799678,1
1320509900,"[縄文時代（早期〜中期）][奈良時代][平安時代]",139.272069712002,35.7925569128801,1
1320510000,"[縄文時代（中期〜後期）]",139.274850625785,35.7958986356183,1
1320510200,"[縄文時代（中期）][奈良時代][平安時代]",139.271005412644,35.7974023664864,1
1320510300,"[縄文時代（前期〜中期）]",139.276292585706,35.7974023640963,1
1320510400,"[縄文時代（中期）][古墳時代][奈良時代][平安時代]",139.280687116694,35.7968732780115,1
1320510500,"[縄文時代（中期）]",139.281785749114,35.7980149845135,1
1320510800,"[縄文時代（中期〜後期）][古墳時代][奈良時代][平安時代]",139.27773454088,35.7953138455059,1
1320510900,"[旧石器時代][縄文時代（早期〜後期）][弥生時代（中期〜後期）][古墳時代][奈良時代][平安時代][中世]",139.282403730464,35.7959543308157,1
1320511000,"[縄文時代（中期）][古墳時代][奈良時代][平安時代]",139.282987379407,35.7918607048129,1
1320511100,"[縄文時代（前期〜後期）][古墳時代][奈良時代][平安時代][中世]",139.285665297281,35.7965669623982,1
1320511200,"[縄文時代（中期）][平安時代]",139.284154675821,35.799435137193,1
1320511400,"[縄文時代（中期）][古墳時代][奈良時代][平安時代]",139.28573396062,35.8005768100666,1
1320511500,"[縄文時代（前期〜後期）][古墳時代][奈良時代][平安時代]",139.289716504369,35.7990174481292,1
1320511600,"[旧石器時代][縄文時代（前期〜中期）]［弥生時代（後期）］[古墳時代][奈良時代][平安時代][中世]",139.293115400648,35.7965391170108,1
1320512100,"[縄文時代（中期）][弥生時代][古墳時代][奈良時代][平安時代]",139.281957411146,35.804113105255,1
1320512200,"[縄文時代（前期〜中期）][奈良時代][平安時代][中世]",139.283124708378,35.8038625074754,1
1320512600,"[縄文時代（前期〜後期）][古墳時代][奈良時代][平安時代]",139.287519240676,35.8021082966323,1
1320512900,"[縄文時代（中期〜後期）][奈良時代][平安時代]",139.293527386414,35.8037789760342,1
1320513300,"[縄文時代（中期）][古墳時代][奈良時代][平安時代]",139.300186,35.796509,1
1320513500,"[縄文時代（中期）][弥生時代][古墳時代][奈良時代][平安時代]",139.297887584995,35.8002983549364,1
1320513700,"[縄文時代（中期〜後期）][弥生時代][古墳時代][奈良時代][平安時代]",139.301046154593,35.8033613071544,1
1320513900,"[旧石器時代][縄文時代（中期）][古墳時代][奈良時代][平安時代][中世]",139.303380749058,35.8043637019785,1
1320514000,"[旧石器時代][縄文時代（前期〜後期）][古墳時代][奈良時代][平安時代]",139.30245377736,35.8087907967677,1
1320514200,"[縄文時代（中期〜後期）][平安時代]",139.307363292479,35.8087072691819,1
1320514400,"[旧石器時代][縄文時代（早期〜後期）][奈良時代][平安時代][中世]",139.312684795165,35.8102942809453,1
1320514500,"[縄文時代（前期〜後期）]",139.313955088306,35.8104056495227,1
1320514700,"[縄文時代（中期）]",139.31577470126,35.8114636395009,1
1320514800,"[縄文時代（中期）]［弥生時代］[古墳時代]",139.309217234564,35.8064241407375,1
1320515000,"[縄文時代（中期〜後期）][奈良時代][平安時代]",139.318177959227,35.8079276723743,1
1320515400,"[縄文時代（中期）][平安時代]",139.306401991486,35.790969545932,1
1320515800,"[縄文時代（前期〜後期）][古墳時代][奈良時代][平安時代][中世][近世]",139.308564922118,35.8073429689499,1
1320516200,"[縄文時代（中期）]",139.273443003018,35.7837842225946,1
1320516500,"[縄文時代（早期・中期〜後期）]",139.264344951349,35.7979592960718,1
1320516800,"[縄文時代（早期・中期）]",139.174157655091,35.8038093011553,1
1320517200,"[縄文時代（中期）]",139.188714539071,35.807067022363,1
1320600100,"[旧石器時代][縄文時代（前期〜後期）][奈良時代][平安時代][中世][近世]",139.470458,35.69050485,1
1320600300,"［縄文時代（前期〜中期）］［奈良時代］［平安時代］[中世]［近世］",139.457327,35.67054776,1
1320601800,"[旧石器時代][縄文時代（早期〜後期）][弥生時代]",139.517895555656,35.6906828099053,1
1320602000,"[縄文時代（中期）]",139.519460735576,35.6890589541167,1
1320602100,"[旧石器時代][縄文時代（中期）][古墳時代][奈良時代][平安時代][近世]",139.523014945841,35.6687357655938,1
1320602200,"[縄文時代（草創期〜早期・中期）]［奈良時代］［平安時代］［中世］",139.457955829009,35.6700463497535,1
1320602600,"[縄文時代（早期・中期〜後期）]",139.496569997473,35.6675244273553,1
1320603300,"[旧石器時代][縄文時代（早期・中期）]［奈良時代］［平安時代］",139.466383114954,35.6928852340514,1
1320700200,"[縄文時代（中期）]",139.3355582,35.70946822,1
1320700300,"[縄文時代（中期〜後期）][中世]",139.3413947,35.70647404,1
1320700400,"[縄文時代（中期・晩期][奈良時代][平安時代]",139.342871,35.7057492,1
1320700700,"[旧石器時代][縄文時代（早期・中期）]",139.3445876,35.71473687,1
1320700900,"[縄文時代（早期・中期〜後期）]",139.3458235,35.71362184,1
1320701100,"[縄文時代（前期〜中期）]",139.3478148,35.71264618,1
1320701200,"[旧石器時代][縄文時代（早期・中期）]",139.364304,35.709831,1
1320701300,"[縄文時代（中期〜後期）][近世]",139.3550932,35.70650192,1
1320701800,"[縄文時代（早期・中期）]",139.368829,35.70413075,1
1320702000,"[縄文時代（早期・中期）][平安時代]",139.3720906,35.70290405,1
1320702200,"[縄文時代（前期〜後期）][古墳時代][平安時代]",139.3790943,35.69852683,1
1320702400,"[縄文時代（中期）]",139.387695,35.697475,1
1320702500,"[縄文時代（中期）][平安時代]",139.387695,35.697475,1
1320702600,"[縄文時代（早期〜後期）][平安時代]",139.343887,35.718903,1
1320703500,"[縄文時代（中期）]",139.3537886,35.70976363,1
1320703600,"[縄文時代（中期）][奈良時代][平安時代][近世]",139.3561291,35.69947685,1
1320704500,"[縄文時代（中期）]",139.3627895,35.6998393,1
1320800100,"[縄文時代（中期）][平安時代][中世][近世]",139.5819554,35.66843074,1
1320800300,"[縄文時代（中期）][奈良時代][平安時代]",139.5874488,35.66911635,1
1320800500,"[旧石器時代][縄文時代（早期〜中期）][弥生時代][古墳時代][近世]",139.584402,35.66485111,1
1320800600,"[旧石器時代][縄文時代（早期・中期）]",139.5810261,35.65903992,1
1320800700,"[縄文時代（早期・中期）][奈良時代][中世][近世]",139.5854034,35.65376101,1
1320800900,"[旧石器時代][縄文時代（中期）][古墳時代][奈良時代][近世]",139.5892481,35.64760604,1
1320801000,"[縄文時代（中期〜晩期）][奈良時代][平安時代][近世]",139.5578128,35.67407388,1
1320801100,"[旧石器時代][縄文時代（中期）][弥生時代][古墳時代][奈良時代][近世]",139.5649612,35.66571255,1
1320801200,"[縄文時代（中期）]",139.5787658,35.65855429,1
1320801300,"[縄文時代（中期〜後期）][古墳時代]",139.5797814,35.65447452,1
1320801500,"[縄文時代（中期）][古墳時代]",139.5829921,35.64979077,1
1320801600,"[縄文時代（中期）][奈良時代][平安時代][近世]",139.5433433,35.66933823,1
1320801700,"[旧石器時代][縄文時代（草創期・前期〜中期）][弥生時代]",139.5485285,35.67118026,1
1320801800,"[縄文時代（中期〜後期）][奈良時代][平安時代][中世][近世]",139.549816,35.66756606,1
1320801900,"[縄文時代（中期）][古墳時代][奈良時代][平安時代]",139.5527975,35.66987773,1
1320802000,"[旧石器時代][縄文時代（中期）][古墳時代][奈良時代]",139.5554739,35.668594,1
1320802100,"[縄文時代（早期〜中期）][古墳時代][奈良時代]",139.5545693,35.66449814,1
1320802200,"[旧石器時代][縄文時代（早期〜中期）][弥生時代][奈良時代][平安時代][中世]",139.5463482,35.66730348,1
1320802300,"[縄文時代（早期〜中期）][弥生時代][古墳時代][奈良時代][平安時代][中世]",139.5504021,35.66519745,1
1320802700,"[旧石器時代][縄文時代（早期〜後期）][弥生時代]",139.5248308,35.68457177,1
1320802901,"[縄文時代（草創期〜早期・中期〜後期）][奈良時代][中世]",139.553741,35.66039332,1
1320803000,"[縄文時代（中期）][奈良時代][平安時代][中世]",139.556169,35.65751362,1
1320803100,"[縄文時代（中期）][奈良時代][平安時代][中世][近世]",139.5596349,35.65741136,1
1320803500,"[縄文時代（中期）][奈良時代][平安時代][近世]",139.5492385,35.65605693,1
1320803600,"[旧石器時代][縄文時代（草創期〜中期）][古墳時代][奈良時代][平安時代][中世][近世]",139.5582019,35.653348,1
1320803700,"[縄文時代（前期〜中期）][古墳時代]",139.5663076,35.64808642,1
1320803800,"[旧石器時代][縄文時代（前期〜晩期）][古墳時代][奈良時代][平安時代][近世]",139.5229111,35.65969456,1
1320804000,"[縄文時代（早期・中期〜後期）][古墳時代][奈良時代][平安時代][中世][近世]",139.53389,35.65073,1
1320804400,"[縄文時代（中期）][古墳時代][奈良時代][平安時代][中世][近世]",139.5386634,35.64730895,1
1320804500,"[旧石器時代][縄文時代（早期〜晩期）][古墳時代][奈良時代][平安時代][中世][近世]",139.5445643,35.64632794,1
1320804600,"[縄文時代（早期〜晩期）][古墳時代][奈良時代][平安時代][近世]",139.5495276,35.64537974,1
1320804700,"[旧石器時代][縄文時代（早期・中期）][古墳時代][奈良時代][平安時代][中世][近世]",139.5532333,35.64551589,1
1320804800,"[縄文時代（中期）][古墳時代][奈良時代][平安時代][中世][近世]",139.5602214,35.6443852,1
1320805000,"[旧石器時代][縄文時代（中期）][奈良時代][平安時代][近世]",139.5240667,35.66610443,1
1320806400,"[旧石器時代][縄文時代（早期・中期）]",139.537927876858,35.6651193434645,1
1320806500,"[旧石器時代][縄文時代（早期・中期）]",139.579992825967,35.6721529313028,1
1321000100,"[旧石器時代][縄文時代（早期〜後期）]",139.4939,35.69959,1
1321000200,"[旧石器時代][縄文時代（草創期〜後期）]",139.4983,35.69911,1
1321000301,"[旧石器時代][縄文時代（中期）][中世]",139.5012,35.69879,1
1321000400,"[旧石器時代][縄文時代（草創期〜後期）]",139.5062,35.69861,1
1321000500,"[旧石器時代][縄文時代（早期〜後期）]",139.5119,35.69695,1
1321000600,"[旧石器時代][縄文時代（中期）]",139.519,35.69282,1
1321000700,"[旧石器時代][縄文時代（中期）]",139.5235,35.68939,1
1321000800,"[旧石器時代][縄文時代（前期〜後期）][近世]",139.4948,35.69673,1
1321000900,"[旧石器時代][縄文時代（早期〜後期）]",139.4985,35.69394,1
1321001000,"[縄文時代（前期〜中期）]",139.502,35.69305,1
1321001200,"[旧石器時代][縄文時代（草創期〜後期）][近世]",139.5071,35.69322,1
1321001600,"[旧石器時代][縄文時代（草創期〜後期）][古墳時代][中世][近世]",139.5142,35.69129,1
1321001900,"[旧石器時代][縄文時代（前期〜後期）][古墳時代][中世][近世]",139.5198,35.69087,1
1321002000,"[旧石器時代][縄文時代（中期〜後期）]",139.5227,35.68884,1
1321002100,"[縄文時代（中期〜後期）]",139.5256,35.68753,1
1321100300,"[旧石器時代][縄文時代（前期〜中期）][近世]",139.499,35.71788,1
1321200100,"[旧石器時代][縄文時代（草創期〜後期）][古墳時代][奈良時代][中世]",139.3793835,35.68263916,1
1321200400,"[縄文時代（前期〜後期）][平安時代][中世][近世]",139.3917138,35.68405216,1
1321200500,"[縄文時代（中期〜後期）][奈良時代][平安時代][中世]",139.4005028,35.6742356,1
1321200600,"[旧石器時代][縄文時代（早期〜中期）][弥生時代][古墳時代][奈良時代][平安時代][近世]",139.3932299,35.67174888,1
1321201300,"[縄文時代（前期〜中期）][古墳時代][奈良時代][平安時代]",139.3902031,35.67769384,1
1321201700,"[縄文時代（前期〜中期）][平安時代][中世]",139.3978648,35.66526407,1
1321201800,"[縄文時代（中期）][弥生時代][古墳時代][奈良時代][平安時代]",139.3894416,35.665114,1
1321202200,"[縄文時代（早期・中期）][古墳時代][奈良時代][平安時代][中世]",139.3768797,35.6517522,1
1321203400,"[縄文時代（前期〜後期）]",139.4098767,35.65255204,1
1321203800,"[縄文時代（晩期）][弥生時代（中期）][古墳時代][奈良時代][平安時代][中世][近世]",139.4368986,35.65469381,1
1321204200,"[縄文時代（前期〜中期）][古墳時代]",139.4267706,35.64665921,1
1321204700,"[縄文時代（前期〜中期）][古墳時代][奈良時代][平安時代][中世][近世]",139.3907818,35.68010143,1
1321400200,"[旧石器時代][縄文時代（早期・中期〜後期）][奈良時代][平安時代][中世]",139.4705243,35.70254176,1
1321400300,"[旧石器時代][縄文時代（早期・中期）]",139.4736221,35.69993871,1
1321400500,"[縄文時代（早期・中期）][奈良時代][平安時代]",139.4739233,35.70318815,1
1321400600,"[縄文時代（中期）]",139.4843142,35.70241947,1
1321400900,"[旧石器時代][縄文時代（中期）][奈良時代][平安時代][中世]",139.4717981,35.69264697,1
1321401100,"[旧石器時代][縄文時代（中期）]",139.4674663,35.69221292,1
1321401800,"[縄文時代（中期〜後期）]",139.4848388,35.69845044,1
1321402000,"[旧石器時代][縄文時代（早期・中期）]",139.4827089,35.69219995,1
1321402100,"[旧石器時代][縄文時代（早期・中期）]",139.4854196,35.69257342,1
1321402700,"[縄文時代（中期）]",139.4682732,35.69298113,1
1321402800,"[旧石器時代][縄文時代（中期）][奈良時代][平安時代]",139.483665,35.70079777,1
1321403200,"[縄文時代（早期・中期〜後期）]",139.4889865,35.6973684,1
1321403500,"[縄文時代（中期）]",139.4611774,35.70118809,1
1321404700,"[縄文時代（中期）][奈良時代][平安時代]",139.4582592,35.70274937,1
1321405300,"[旧石器時代][縄文時代（早期・中期）]",139.4901274,35.69927724,1
1321405700,"[旧石器時代][縄文時代（中期）][奈良時代][平安時代]",139.4770468,35.70348715,1
1321500500,"[旧石器時代][縄文時代（中期）][平安時代][中世]",139.4417242,35.6828501,1
1321500600,"[縄文時代（中期）][奈良時代][平安時代][中世]",139.4435438,35.68276644,1
1321500700,"[縄文時代（中期）][平安時代]",139.4503416,35.68137209,1
1321500800,"[旧石器時代][縄文時代（早期〜後期）][奈良時代][平安時代][近世]",139.423645,35.686913,1
1321500900,"[旧石器時代][縄文時代（中期）][平安時代]",139.4220708,35.6823436,1
1321501200,"[旧石器時代][縄文時代（中期）][古墳時代][平安時代][近世]",139.4274159,35.6809353,1
1321501300,"[縄文時代（早期〜後期）][奈良時代][平安時代][中世][近世]",139.4324542,35.68022068,1
1321501500,"[縄文時代（早期・中期）][奈良時代][平安時代][中世][近世]",139.436334,35.67944785,1
1321502100,"[縄文時代（中期）][奈良時代][平安時代][中世][近世]",139.4453291,35.67894587,1
1321502200,"[縄文時代（早期・中期）][古墳時代][平安時代][中世]",139.4485839,35.6773761,1
1321502400,"[縄文時代（中期）][古墳時代][平安時代][近世]",139.4500774,35.67593982,1
1321800100,"[縄文時代（前期〜後期）]",139.3202321,35.75024378,1
1321800200,"[縄文時代（中期）]",139.3209875,35.74174508,1
1321800400,"[縄文時代（前期〜後期）]［近世？］",139.3253133,35.74358422,1
1321800500,"[縄文時代（早期・中期〜後期）]",139.3325231,35.74386288,1
1321800700,"[縄文時代（中期）][平安時代]",139.3283075,35.75070337,1
1321801100,"[縄文時代（早期・中期）]",139.336128,35.73789947,1
1321801300,"[縄文時代（前期〜中期）][平安時代]",139.3390456,35.72968826,1
1321801600,"[縄文時代（中期）]",139.3331187,35.71633926,1
1321900500,"[縄文時代（中期）][弥生時代][古墳時代][奈良時代][平安時代][近世]",139.5741074,35.64335636,1
1321900700,"[縄文時代（中期）][古墳時代][奈良時代][平安時代][近世]",139.578934,35.644489,1
1321901800,"[縄文時代（中期）][弥生時代][古墳時代][奈良時代][平安時代][近世]",139.5774313,35.63893222,1
1321902200,"[縄文時代（中期）][古墳時代][奈良時代][近世]",139.5809614,35.63543563,1
1321902900,"[縄文時代（草創期・中期〜後期）][弥生時代][古墳時代][奈良時代][平安時代][近世]",139.5904667,35.62996028,1
1321904000,"[縄文時代（中期）][古墳時代][奈良時代][平安時代][中世][近世]",139.5750064,35.63116728,1
1321904201,"[旧石器時代][縄文時代（中期〜後期）][弥生時代（後期）][古墳時代][奈良時代][平安時代][中世][近世]",139.575899,35.63310663,1
1321904300,"[縄文時代（中期〜後期）][弥生時代（後期）][古墳時代][奈良時代][平安時代][近世]",139.5794181,35.6316277,1
1321904401,"[縄文時代（中期）][古墳時代][中世][近世]",139.5778903,35.63406932,1
1321904500,"[縄文時代（中期）][奈良時代][平安時代]",139.5766532,35.63500744,1
1321905000,"[縄文時代（中期）][古墳時代][奈良時代][平安時代]［中世］[近世]",139.574354,35.63372052,1
1321905400,"[縄文時代（中期）][古墳時代][近世]",139.569778,35.632286,1
1321905600,"[縄文時代（中期）][弥生時代][古墳時代][奈良時代][近世]",139.570732,35.63620392,1
1321905900,"[縄文時代（中期）][古墳時代][奈良時代][平安時代][近世]",139.5733241,35.63785018,1
1321906200,"[縄文時代（中期）][古墳時代][奈良時代][平安時代][近世]",139.5664751,35.64206392,1
1321906300,"[縄文時代（中期）][古墳時代][奈良時代][平安時代][近世]",139.5680071,35.63953211,1
1321906400,"[縄文時代（中期）][古墳時代][奈良時代][近世]",139.5668685,35.63716992,1
1321906500,"[縄文時代（中期〜晩期）][弥生時代][古墳時代][奈良時代][中世]",139.5672118,35.63463074,1
1322300100,"[縄文時代（中期）][平安時代]",139.3701925,35.76669671,1
1322300200,"[縄文時代（中期）]",139.3767285,35.76543267,1
1322300300,"[縄文時代（早期・中期）]",139.3792691,35.76504266,1
1322300600,"[縄文時代（早期〜後期）][古墳時代]",139.3810201,35.76264685,1
1322300700,"[縄文時代（早期〜後期）]",139.3829801,35.76041659,1
1322300800,"[縄文時代（早期〜後期）][弥生時代][古墳時代][奈良時代][平安時代][近世？]",139.3851431,35.76217173,1
1322301100,"[縄文時代（草創期・中期）]",139.3829115,35.75857784,1
1322301300,"[旧石器時代][縄文時代（早期〜晩期）][弥生時代（後期）][古墳時代][平安時代]",139.387821,35.75868928,1
1322301500,"[縄文時代（中期）][平安時代]",139.3916328,35.75737985,1
1322301800,"[旧石器時代][縄文時代（草創期〜晩期）][弥生時代（後期）][古墳時代][平安時代][中世]",139.3980655,35.75746344,1
1322301900,"[縄文時代（中期）]",139.3976536,35.75679478,1
1322302100,"[縄文時代（中期）]",139.4029751,35.75969225,1
1322302200,"[縄文時代（中期）][平安時代]",139.4062023,35.75899575,1
1322302300,"[縄文時代（中期）][平安時代]",139.4020481,35.75476091,1
1322302400,"[縄文時代（中期）]",139.4041767,35.75565248,1
1322302600,"[縄文時代（中期）][古墳時代]",139.3671539,35.75503952,1
1322302900,"[縄文時代（草創期・中期）]",139.3837364,35.75373003,1
1322303100,"[旧石器時代][縄文時代（中期）]",139.3929157,35.75102738,1
1322303200,"[縄文時代（中期）]",139.394083,35.74757232,1
1322303300,"[旧石器時代][縄文時代（草創期・中期）]",139.3993015,35.75286631,1
1322303400,"[旧石器時代][縄文時代（中期）]",139.4019451,35.7513896,1
1322303800,"[縄文時代（中期）][弥生時代（後期）][古墳時代][近世]",139.3727331,35.76496954,1
1322303900,"[縄文時代（前期〜中期）]",139.3786512,35.76796769,1
1322700100,"[縄文時代（中期）]",139.299062,35.76848948,1
1322700200,"[縄文時代（中期）]",139.3045895,35.76436658,1
1322700500,"[縄文時代（中期〜期）]",139.3131593,35.7576718,1
1322700600,"[縄文時代（中期〜後期）]",139.3152879,35.7541613,1
1322700900,"[縄文時代（中期）][古墳時代][奈良時代][平安時代]",139.3204245,35.75052753,1
1322701000,"[縄文時代（中期）]",139.3100007,35.76104285,1
1322701100,"[縄文時代（中期）]",139.3091424,35.76388445,1
1322800100,"[縄文時代(中期)]",139.1797183,35.72689206,1
1322800200,"[縄文時代（中期）]",139.1821902,35.73051524,1
1322800400,"[縄文時代（早期〜中期）]",139.1892283,35.73154642,1
1322800500,"[縄文時代（中期）]",139.1912539,35.73034802,1
1322800700,"[縄文時代（中期〜後期）]",139.2028926,35.72747735,1
1322801100,"[縄文時代（前期〜中期）]",139.2176469,35.73197144,1
1322801200,"[縄文時代（中期〜晩期）]",139.2181275,35.72910083,1
1322801300,"[縄文時代（中期）]",139.2185395,35.7227461,1
1322801400,"[縄文時代（中期）]",139.2210801,35.73066156,1
1322801500,"[縄文時代（中期）][奈良時代]",139.2220414,35.73283539,1
1322801600,"[縄文時代（中期）][平安時代]",139.2241357,35.72492015,1
1322801700,"[縄文時代（中期）][中世]",139.2260583,35.73927291,1
1322801800,"[縄文時代（早期〜中期）]",139.2262643,35.73353211,1
1322802000,"[縄文時代（中期〜後期）][平安時代]",139.2318261,35.72319207,1
1322802100,"[縄文時代（中期〜後期）][古墳時代]",139.2341607,35.72781878,1
1322802300,"[縄文時代（中期）][古墳時代]",139.2363923,35.72296909,1
1322802400,"[縄文時代（中期）]",139.2373536,35.72511525,1
1322802600,"[縄文時代（中期〜晩期）][古墳時代][平安時代]",139.2434991,35.73311408,1
1322802900,"[縄文時代（中期）][平安時代]",139.2477219,35.73202718,1
1322803200,"[縄文時代（中期〜後期）][古墳時代][平安時代]",139.2520135,35.72333143,1
1322803300,"[縄文時代（早期〜中期）][奈良時代][平安時代][中世]",139.2512925,35.72065562,1
1322803500,"[縄文時代（中期）][古墳時代]",139.2547601,35.72112947,1
1322803700,"[縄文時代（中期）]",139.2655061,35.72422335,1
1322803800,"[縄文時代（早期〜中期）][平安時代]",139.2567513,35.72104585,1
1322803900,"[縄文時代（早期・中期）][古墳時代][奈良時代][平安時代]",139.2560647,35.72037689,1
1322804000,"[縄文時代（前期〜中期）]",139.2570946,35.71934556,1
1322804400,"[縄文時代（早期・中期〜後期）][古墳時代][平安時代][近世]",139.289812,35.74553947,1
1322806300,"[縄文時代（前期〜中期）][古墳時代]",139.3109349,35.73731546,1
1322807000,"[縄文時代（中期）][古墳時代][奈良時代][平安時代]",139.3078858,35.73231829,1
1322807400,"[縄文時代（中期〜後期）][古墳時代][奈良時代][平安時代]",139.2762349,35.72354744,1
1322807500,"[縄文時代（前期〜中期）][弥生時代][古墳時代]",139.2811787,35.72528945,1
1322807700,"[縄文時代（中期〜後期）][古墳時代]",139.2899943,35.72459461,1
1322807800,"[縄文時代（中期）][古墳時代]",139.2912003,35.72788693,1
1322808000,"[縄文時代（中期〜後期）]",139.2889343,35.7193301,1
1322808100,"[縄文時代（中期〜後期）]",139.2935692,35.72183871,1
1322808200,"[縄文時代（中期）][弥生時代][古墳時代]",139.296783,35.725471,1
1322808700,"[旧石器時代][縄文時代（中期）]",139.3071991,35.72688357,1
1322809000,"[縄文時代（中期〜後期）]",139.3084007,35.72139275,1
1322809300,"[縄文時代（中期）]",139.3186661,35.72119763,1
1322809500,"[縄文時代（中期）][平安時代][中世]",139.3215157,35.72144849,1
1322810100,"[縄文時代（前期〜中期）][古墳時代]",139.2850645,35.73818544,1
1322810300,"[縄文時代（中期）][近世]",139.2735741,35.72227924,1
1322900100,"[旧石器時代][縄文時代(早期・中期)][近世]",139.5624,35.75549,1
1322900700,"[旧石器時代][縄文時代(早期〜後期)][弥生時代（後期）][古墳時代][平安時代][近世]",139.5611,35.7257,1
1322900800,"[旧石器時代][縄文時代(早期〜中期)][平安時代][近世]",139.5576,35.72376,1
1322901000,"[旧石器時代][縄文時代(中期)]",139.5582,35.72677,1
1322901100,"[旧石器時代][縄文時代(草創期〜後期)][中世][近世]",139.5642,35.72665,1
1330300200,"[旧石器時代][縄文時代（前期〜中期）][弥生時代][古墳時代][平安時代]",139.3498167,35.77550709,1
1330300300,"[旧石器時代][縄文時代（早期・中期〜後期）]［弥生時代］",139.3540739,35.776287,1
1330300600,"[縄文時代（中期）]",139.3631033,35.77584134,1
1330300900,"[旧石器時代][縄文時代（早期〜中期）]",139.3661932,35.77542352,1
1330301200,"[縄文時代（中期）]",139.3620514,35.77046311,1
1330301400,"[縄文時代（中期）]",139.3625933,35.76994806,1
1330301500,"[縄文時代（中期）][古墳時代][奈良時代]",139.363253,35.76779775,1
1330301900,"[縄文時代（中期）]",139.3614946,35.77596477,1
1330302100,"[縄文時代（前期〜中期）][奈良時代][平安時代][近世]",139.3649965,35.77744102,1
1330302200,"[縄文時代（中期）][奈良時代]",139.3629307,35.77104957,1
1330500100,"[縄文時代（中期）]",139.2289512,35.74847833,1
1330500500,"[縄文時代（中期）]［古墳時代］",139.2670944,35.74435439,1
1330500600,"[縄文時代（中期〜後期）]",139.2742012,35.74496742,1
1330500700,"[縄文時代（中期）]",139.2778747,35.74446585,1
1330501500,"[縄文時代（中期）]",139.2692917,35.73958931,1
1330501600,"[縄文時代（中期）]",139.2655022,35.75042527,1
1330501800,"[縄文時代（中期）][弥生時代（後期）][古墳時代][奈良時代][平安時代][中世]",139.2825654,35.73827606,1
1330502000,"[縄文時代（中期）]",139.2426155,35.74415933,1
1330700200,"[縄文時代（中期）]",139.1327514,35.76495126,1
1330700400,"[縄文時代（早期〜中期）]",139.0948646,35.74182518,1
1330700500,"[旧石器時代][縄文時代（早期・中期〜晩期）]",139.1125791,35.73067187,1
1330700700,"[縄文時代（中期）]",139.0761664,35.7117834,1
1330700800,"[縄文時代（中期）]",139.0845435,35.71373473,1
1330701000,"[縄文時代（中期）]",139.1256409,35.7036551,1
1330701100,"[縄文時代（中期）]",139.1080825,35.70419714,1
1330701200,"[縄文時代（中期）]",139.1097992,35.70210617,1
1330701400,"[縄文時代（中期）]",139.1337262,35.74089328,1
1330701500,"[縄文時代（中期）]",139.1358204,35.74078181,1
1330701600,"[縄文時代（早期・中期〜後期）]",139.1388968,35.74029316,1
1330701700,"[縄文時代（中期〜晩期）]",139.1449211,35.72981401,1
1330701800,"[縄文時代（中期〜後期）]",139.146775,35.72610719,1
1330702100,"[縄文時代（中期）]",139.1114814,35.70297044,1
1330702200,"[縄文時代（中期）]",139.1402519,35.70285892,1
1330702300,"[縄文時代（前期〜中期）]",139.1575337,35.70161329,1
1330702700,"[縄文時代（中期）]",139.1409169,35.73932615,1
1330702800,"[縄文時代（中期）]",139.1578961,35.68831996,1
1330703000,"[縄文時代（中期）]",139.1201134,35.70479815,1
1330703100,"[縄文時代（早期・中期）]",139.0833418,35.7200623,1
1330703200,"[縄文時代（早期〜中期）][中世]",139.1059035,35.72042181,1
1330703300,"[縄文時代（前期〜中期）]",139.0688215,35.74127604,1
1330703400,"[縄文時代（中期〜後期）]",139.1212995,35.73727677,1
1330703500,"[縄文時代（中期〜後期）]",139.1440068,35.73835081,1
1330703600,"[縄文時代（中期）]",139.1138686,35.73115239,1
1330703700,"[縄文時代（中期〜後期）]",139.1408482,35.74010642,1
1330704200,"[縄文時代（中期）]",139.1520279,35.71431665,1
1330800100,"[縄文時代（中期）]",138.989000856163,35.7775138890408,1
1330800200,"[縄文時代（中期〜後期）]",138.998153763294,35.7736997596532,1
1330800300,"[縄文時代（中期〜後期）]",139.001473420308,35.7731148043413,1
1330800500,"[縄文時代（中期〜後期）]",139.021190898654,35.7724690333137,1
1330800600,"[縄文時代（中期）]",139.025080508841,35.7744027052903,1
1330800700,"[縄文時代（中期〜後期）]",139.022065939649,35.7766801742627,1
1330801000,"[縄文時代（前期〜中期）]",139.034940540956,35.7801061233733,1
1330801100,"[縄文時代（中期）]",139.038717094524,35.7789363037675,1
1330801400,"[縄文時代（中期〜後期）]",139.038614097959,35.782947040284,1
1330801600,"[縄文時代（中期）]",138.998386441162,35.793649898334,1
1330801900,"[縄文時代（中期）]",139.087606251275,35.8086777927277,1
1330802100,"[縄文時代（中期〜後期）]",139.095434008492,35.807536236286,1
1330802200,"[縄文時代（中期）]",139.095056352677,35.8069515299797,1
1330802300,"[縄文時代（前期〜中期）][平安時代]",139.093614396849,35.8046961967873,1
1330802400,"[縄文時代（早期〜後期）][平安時代][中世]",139.112050828995,35.8111557464705,1
1330802500,"[縄文時代（中期）]",139.11314946207,35.8125756634188,1
1330802700,"[縄文時代（中期〜後期）]",139.116273701226,35.7997676526318,1
1330802800,"[縄文時代（中期〜後期）]",139.126599134621,35.8166334248607,1
1330802900,"[縄文時代（中期）]",139.13473588546,35.8147959706666,1
1330803000,"[縄文時代（中期）]",139.131577317172,35.8129584803216,1
1330803100,"[縄文時代（前期〜中期）][平安時代?]",139.134255234391,35.8122067662148,1
1330803300,"[縄文時代（前期〜後期）][奈良時代][平安時代]",139.139748398453,35.8138772312076,1
1330803400,"[縄文時代（前期〜中期）]",139.146477525216,35.814712450061,1
1330803500,"[縄文時代（早期〜中期）][平安時代]",139.150631730014,35.8149351746667,1
1330803600,"[縄文時代（中期）][平安時代]",139.153137987165,35.8154641404464,1
1330803700,"[縄文時代（中期・晩期）]",139.151696031337,35.8174964521074,1
1330803800,"[縄文時代（中期）][平安時代]",139.153172320226,35.8129306349715,1
1330803900,"[縄文時代（中期）][平安時代?]",139.156605547766,35.808420243069,1
1330804100,"[縄文時代（中期？）]",139.159661120799,35.8111766244123,1
1330804200,"[縄文時代（中期〜後期）][平安時代]",139.161755389074,35.8140164311101,1
1330804400,"[縄文時代（中期）]",139.168415849714,35.8079747588095,1
1330804500,"[縄文時代（中期）]［平安時代］",139.167591874581,35.8071116255473,1
1330804600,"[縄文時代（中期）]",139.165102785925,35.830247881107,1
1330804700,"[縄文時代（中期）]",139.164896791487,35.8278818657164,1
1330805100,"[縄文時代（中期）]",139.121140305584,35.8292160301608,1
