"JASID","時代","経度","緯度","後期"
1310100200,"[縄文時代（前期〜晩期）]",139.7550845,35.6866013,1
1310101000,"[縄文時代（後期）][弥生時代（中期）][近世]",139.7438231,35.67281761,1
1310102200,"[旧石器時代][縄文時代（早期〜後期）][弥生時代][古墳時代][中世][近世]",139.754735,35.69037522,1
1310104200,"[旧石器時代][縄文時代（早期・中期〜後期）][弥生時代（後期）][中世][近世][近代]",139.7371627,35.68084957,1
1310105600,"[縄文時代（前期・後期）][弥生時代（後期）][近世][近代]",139.7464141,35.69089728,1
1310105800,"[縄文時代（前期・後期）][近世]",139.7413855,35.67348697,1
1310107100,"[縄文時代（前期・中期・後期）][弥生時代（後期）][平安時代]",139.7500377,35.68272514,1
1310300100,"[縄文時代（早期・中期〜後期）]",139.719524078993,35.6680171187889,1
1310301800,"[縄文時代（後期）]",139.742752119494,35.6614194760094,1
1310302300,"[縄文時代（後期）]",139.748514496608,35.654583536585,1
1310303000,"[縄文時代（後期）]",139.740219,35.661404,1
1310304200,"[縄文時代（後期）]",139.732435270346,35.6567889117509,1
1310304300,"[縄文時代（後期）]",139.72704510383,35.6544316820209,1
1310304400,"[縄文時代（後期）]",139.729602858608,35.6549477686257,1
1310306000,"[縄文時代（後期）][弥生時代][古墳時代][平安時代][近世]",139.739954039508,35.6415005633308,1
1310310000,"[縄文時代（前期〜後期）][弥生時代][古墳時代][奈良時代][平安時代]",139.74316410706,35.665059580064,1
1310314901,"[縄文時代（中期〜後期）][近世]",139.749117250543,35.6666611437705,1
1310400100,"[縄文時代][弥生時代（後期）]",139.6763314,35.72162653,1
1310400200,"[旧石器時代][縄文時代（早期?後期）][弥生時代（後期）][古墳時代][奈良時代][平安時代][近世]",139.6805457,35.71627471,1
1310401000,"[旧石器時代][縄文時代（中期?後期）][弥生時代（後期）][古墳時代][奈良時代][平安時代]",139.6947029,35.70849936,1
1310401100,"[縄文時代（後期）][近世]",139.7293373,35.68772442,1
1310401500,"[旧石器時代][縄文時代（前期〜後期）][近世]",139.7282492,35.69941572,1
1310401700,"[縄文時代（前期、中期、後期）][弥生時代（後期）][古墳時代][奈良時代][近世]",139.7368646,35.69725793,1
1310401800,"[縄文時代][弥生時代（後期）][古墳時代][中世][近世]",139.7380147,35.70067335,1
1310403500,"[旧石器時代][縄文時代（早期?後期）][弥生時代（後期）][古墳時代][奈良時代][平安時代][中世][近世]",139.6748036,35.72067884,1
1310404000,"[縄文時代（前期〜後期）][近世]",139.7328101,35.69031143,1
1310404300,"[旧石器時代][縄文時代（早期・中期〜後期）][弥生時代（後期）][古墳時代][奈良時代][平安時代][近世]",139.7008827,35.7061576,1
1310404900,"[旧石器時代][縄文時代（草創期?後期）][弥生時代（後期）][古墳時代][奈良時代][平安時代][中世][近世]",139.7169465,35.71088671,1
1310405200,"[縄文時代（早期?後期）][弥生時代（後期）][奈良時代]",139.7167062,35.70472568,1
1310405400,"[縄文時代（前期〜後期）][近世]",139.7231879,35.6941138,1
1310405500,"[縄文時代（中期〜後期）][近世]",139.725204,35.696808,1
1310406000,"[旧石器時代][縄文時代（早期?中期）][弥生時代（後期）][近世]",139.7176675,35.70731839,1
1310406100,"[旧石器時代][縄文時代（早期〜晩期）][平安時代][近世]",139.7290067,35.69304468,1
1310406500,"[旧石器時代][縄文時代（早期?後期）][弥生時代（後期）][古墳時代][奈良時代]",139.6956862,35.7132084,1
1310406600,"[縄文時代][弥生時代（後期）][古墳時代][近世]",139.736599,35.69930264,1
1310406800,"[旧石器時代][縄文時代（前期?中期）][弥生時代（後期）][古墳時代][中世][近世]",139.689965,35.70440123,1
1310407300,"[縄文時代（早期?晩期）][弥生時代（後期）][古墳時代][奈良時代][平安時代][中世][近世]",139.739444,35.70358792,1
1310407900,"[旧石器時代][縄文時代（草創期〜後期）][弥生時代（後期）][古墳時代][奈良時代][平安時代][近世]",139.6947029,35.70590669,1
1310408000,"[旧石器時代][縄文時代（早期〜後期）][弥生時代（後期）][古墳時代][近世]",139.7115907,35.71294957,1
1310408500,"[旧石器時代][縄文時代（早期?後期）][弥生時代（後期）][古墳時代][奈良時代][平安時代][近世]",139.7134789,35.7040287,1
1310408800,"[旧石器時代][縄文時代（早期〜後期）][近世]",139.7285411,35.69747797,1
1310409800,"[縄文時代][弥生時代（後期）][近世]",139.7185258,35.70982738,1
1310410100,"[旧石器時代][縄文時代（早期?後期）][弥生時代（後期）][古墳時代][平安時代][中世][近世]",139.7391693,35.70264002,1
1310410300,"[旧石器時代][縄文時代（中期?後期）][奈良時代][平安時代][近世]",139.7218033,35.70478144,1
1310410400,"[縄文時代（前期〜後期）][近世]",139.7200333,35.68376465,1
1310410700,"[旧石器時代][縄文時代（早期〜後期）][弥生時代（後期）][古墳時代]",139.6900837,35.70114116,1
1310411000,"[旧石器時代][縄文時代（早期〜後期][近世]",139.7204484,35.69892663,1
1310411300,"[縄文時代（後期）][近世]",139.7278267,35.68359733,1
1310411400,"[縄文時代（早期?後期）][近世]",139.7261529,35.7024298,1
1310411700,"[縄文時代（前期〜後期）][近世]",139.7289597,35.6907917,1
1310412400,"[縄文時代（中期〜後期）][中世][近世]",139.7199646,35.68117118,1
1310413800,"[縄文時代][弥生時代（後期）][古墳時代][奈良時代][中世][近世]",139.7374699,35.70457764,1
1310414600,"[縄文時代（中期?後期）][近世]",139.725204,35.696808,1
1310502500,"[旧石器時代][縄文時代][弥生時代（後期）][近世]",139.758987,35.722748,1
1310502802,"[縄文時代（後期?晩期）]",139.7631579,35.71749082,1
1310503300,"[旧石器時代][縄文時代][弥生時代（後期）][奈良時代][平安時代][中世][近世]",139.7564631,35.70617294,1
1310505100,"[旧石器時代][縄文時代（早期?後期）][弥生時代][古墳時代][奈良時代][平安時代][中世][近世]",139.7560167,35.70843107,1
1310507400,"[縄文時代（前期・後期）][弥生時代][平安時代][近世]",139.7655954,35.70937891,1
1310509500,"[縄文時代（早期・後期）][弥生時代（後期）][近世]",139.7420778,35.71194359,1
1310511700,"[縄文時代（中期）][弥生時代（後期）][近世]",139.7595337,35.72526919,1
1310900400,"[縄文時代（早期〜中期）][弥生時代（後期）]",139.7229069,35.63109445,1
1310901000,"[縄文時代（早期〜後期）][弥生時代][中世]",139.7245685,35.61720399,1
1310901200,"[縄文時代（後期〜晩期）]",139.7343964,35.60833955,1
1310901300,"[縄文時代（後期）][古墳時代][奈良時代][平安時代][近代]",139.7403673,35.60697621,1
1310901400,"[縄文時代（中期〜後期）][古墳時代]",139.7328131,35.60031371,1
1310901600,"[縄文時代（中期〜晩期）]",139.7303114,35.59305438,1
1310903000,"[縄文時代（早期〜後期）][古墳時代]",139.7289666,35.61491723,1
1311000200,"[旧石器時代][縄文時代（早期〜後期）]",139.6804591,35.65884679,1
1311000300,"［旧石器時代］[縄文時代（早期〜後期）][弥生時代（前期〜後期）][古墳時代][奈良時代][平安時代][中世][近世]［近代］",139.6875316,35.65337917,1
1311000800,"[旧石器時代][縄文時代（早期〜晩期）][弥生時代（後期）][古墳時代][平安時代][中世][近世][近代]",139.6866739,35.64782322,1
1311000900,"[縄文時代（中期〜後期）][弥生時代（後期）]",139.6915834,35.64333137,1
1311001300,"[縄文時代（中期〜後期）]",139.6997201,35.63989954,1
1311001500,"[旧石器時代][縄文時代（早期〜後期）][中世][近世]",139.7015397,35.63607692,1
1311002000,"[縄文時代（早期〜後期）][弥生時代（後期）]",139.7075822,35.62857065,1
1311002200,"[縄文時代（中期〜後期）][近世]",139.6955316,35.63208669,1
1311002900,"[縄文時代（早期・中期〜後期）][平安時代][中世][近世]",139.6873992,35.61210641,1
1311003100,"[縄文時代（中期〜後期）]",139.6782732,35.6217545,1
1311003300,"[旧石器時代][縄文時代（草創期〜後期）][平安時代][中世][近世]",139.6726427,35.62084051,1
1311003800,"[縄文時代（中期〜後期）]",139.6783419,35.61857292,1
1311004000,"[縄文時代（前期〜後期）]",139.683245,35.60780795,1
1311004100,"[縄文時代（前期〜後期）]",139.6832107,35.60613316,1
1311004700,"[旧石器時代][縄文時代（草創期〜晩期）][弥生時代（後期）][古墳時代][平安時代][中世][近世][近代]",139.684373,35.65446715,1
1311005100,"[旧石器時代][縄文時代（前期〜後期）][弥生時代（後期）][近世]",139.713776,35.640392,1
1311005300,"[旧石器時代][縄文時代（中期）][弥生時代（後期）][近世][近代]",139.6816957,35.65566243,1
1311005400,"[旧石器時代][縄文時代（早期〜中期・晩期）][弥生時代（後期）][近世]",139.6977975,35.64944134,1
1311100100,"[縄文時代（前期・後期）]",139.6674392,35.58883561,1
1311100200,"[縄文時代][弥生時代（後期）][古墳時代]",139.6687695,35.58743962,1
1311104800,"[縄文時代（早期〜晩期）][弥生時代][近世]",139.6724802,35.58533812,1
1311105700,"[旧石器時代][縄文時代（早期〜前期）][弥生時代（後期）][古墳時代][平安時代]",139.6844687,35.58976951,1
1311106000,"[縄文時代（前期〜晩期）]",139.7035017,35.59549274,1
1311106900,"[縄文時代（中期〜晩期）]",139.7303283,35.59301536,1
1311108500,"[縄文時代（中期〜後期）]",139.6891725,35.57711795,1
1311108700,"[縄文時代（前期・後期）]",139.6829192,35.57566033,1
1311111000,"[縄文時代（草創期〜前期）][弥生時代（後期）][近世]",139.6744099,35.58633184,1
1311113700,"[縄文時代（前期・後期〜晩期）]",139.6602175,35.59661086,1
1311116900,"[縄文時代（中期〜後期）]",139.7112401,35.59008824,1
1311117300,"[縄文時代（前期][弥生時代（後期）]",139.6765192,35.58252941,1
1311122700,"[縄文時代（前期〜後期）]",139.683016,35.60469027,1
1311200100,"[旧石器時代][縄文時代（早期〜後期）][古墳時代][奈良時代][平安時代][近世]",139.59153,35.67412332,1
1311200300,"[旧石器時代][縄文時代（中期〜後期）][弥生時代（後期）][古墳時代][奈良時代][平安時代][中世][近世]",139.596436,35.659981,1
1311200500,"[旧石器時代][縄文時代（早期〜後期）][近世]",139.6152536,35.65838154,1
1311200700,"[縄文時代（早期〜晩期）][平安時代][中世][近世]",139.6035377,35.65423201,1
1311200900,"[旧石器時代][縄文時代（早期〜晩期）][弥生時代][古墳時代][平安時代][近世]",139.6006734,35.63379948,1
1311201800,"[旧石器時代][縄文時代（早期・中期〜後期）][弥生時代][古墳時代][奈良時代][平安時代][中世][近世]",139.5990011,35.63509307,1
1311201900,"[旧石器時代][縄文時代（早期〜晩期）][弥生時代][古墳時代][平安時代][中世][近世]",139.5923661,35.6414265,1
1311204800,"[旧石器時代][縄文時代（早期〜中期）][弥生時代（後期）][古墳時代][奈良時代][中世]",139.604996,35.64027,1
1311205200,"[旧石器時代][縄文時代（早期〜晩期）][弥生時代（後期）][古墳時代][奈良時代][平安時代][中世][近世]",139.620575,35.624981,1
1311205300,"[縄文時代（早期〜後期）][中世][近世]",139.62178,35.660549,1
1311206800,"[縄文時代（早期）][弥生時代（後期）][古墳時代]",139.6633,35.65531,1
1311207500,"[縄文時代（後期）][近世]",139.6512,35.66923,1
1311207600,"[縄文時代（早期〜晩期）][近世]",139.6543,35.66495,1
1311207700,"[縄文時代（中期〜後期）]",139.6511,35.66374,1
1311208500,"[縄文時代（早期〜後期）][古墳時代][中世][近世]",139.6755,35.65216,1
1311208600,"[旧石器時代][縄文時代（早期〜後期）][弥生時代（中期）][古墳時代][平安][その他（近代）]",139.6412,35.64488,1
1311210500,"[旧石器時代][縄文時代（早期〜後期）][弥生時代（後期）][古墳時代][奈良時代][平安時代][中世][近世]",139.6318,35.61599,1
1311210700,"[旧石器時代][縄文時代（早期〜晩期）][弥生時代（後期）][古墳時代][奈良時代][平安時代][中世][近世]",139.6244,35.62158,1
1311211700,"[旧石器時代][縄文時代（早期〜中期）][弥生時代（後期）][古墳時代][奈良時代][平安時代][中世][近世]",139.6336,35.6134,1
1311212300,"[旧石器時代][縄文時代（早期〜後期）][中世][近世]",139.6424,35.60424,1
1311214300,"[旧石器時代][縄文時代（早期〜後期）][弥生時代（後期）][平安時代][中世][近世]",139.6748,35.60334,1
1311214500,"[旧石器時代][縄文時代（前期〜後期）][弥生時代（後期）][古墳時代][近世]",139.6635,35.6037,1
1311215500,"[旧石器時代][縄文時代（早期〜後期）][古墳時代]",139.5937,35.63851,1
1311215900,"[旧石器時代][縄文時代（早期〜晩期）][弥生時代（中期〜後期][古墳時代][奈良時代][平安時代][中世][近世]",139.5966,35.6261,1
1311220000,"[旧石器時代][縄文時代（中期）][弥生時代（後期）][古墳時代]",139.6803853,35.65597217,1
1311224600,"[旧石器時代][縄文時代（早期〜晩期）][奈良時代][平安時代]",139.6031945,35.63250431,1
1311224700,"[縄文時代（早期〜晩期）][古墳時代][近世]",139.601044,35.63098942,1
1311225000,"[縄文時代（早期〜晩期）][古墳時代]",139.6356912,35.61181815,1
1311225800,"[縄文時代（早期〜後期）][古墳時代][近世]",139.6044304,35.63911735,1
1311226400,"[縄文時代（早期・中期〜後期）][古墳時代][奈良時代][平安時代][中世][近世]",139.6029495,35.62791983,1
1311227500,"[縄文時代（早期〜後期）]",139.6606921,35.60829709,1
1311228000,"[縄文時代（中期〜晩期）][古墳時代][奈良時代][平安時代][中世][近世]",139.5953277,35.63203595,1
1311228100,"[旧石器時代][縄文時代(早期〜後期)][奈良時代][平安時代][中世][近世]",139.6064007,35.62882062,1
1311228800,"[縄文時代（早期〜晩期）][弥生時代][古墳時代][奈良時代][平安時代][中世][近世]",139.6192162,35.62029178,1
1311229600,"[旧石器時代][縄文時代（早期〜後期）][弥生時代（後期）][古墳時代][中世][近世]",139.6479353,35.60406427,1
1311229700,"[旧石器時代][縄文時代（早期〜後期）][古墳時代][中世][近世]",139.6479182,35.60188694,1
1311231900,"[旧石器時代][縄文時代（中期〜後期）][近世]",139.6738242,35.63776747,1
1311232500,"[旧石器時代][縄文時代（早期〜後期）][古墳時代][奈良時代][平安時代][近世]",139.6721799,35.65106232,1
1311233300,"[旧石器時代][縄文時代（後期）][近世]",139.645084,35.60138591,1
1311300300,"[縄文時代（早期〜後期）]",139.6886542,35.67131712,1
1311302000,"[縄文時代（後期〜晩期]",139.6992573,35.68015498,1
1311304600,"[縄文時代（中期〜後期）]",139.7020809,35.65307382,1
1311305800,"[縄文時代（早期〜晩期）][弥生時代（後期）][古墳時代][平安時代]",139.720998,35.64621084,1
1311307300,"[縄文時代（後期）]",139.7118116,35.65719449,1
1311307900,"[縄文時代（後期）]",139.7175648,35.6556961,1
1311309800,"[旧石器時代][縄文時代（後期）][近世]",139.708212,35.66314738,1
1311400200,"[旧石器時代][縄文時代（中期〜後期）]",139.6390995,35.72158396,1
1311400600,"[旧石器時代][縄文時代（早期・中期〜後期）]",139.6360782,35.7208035,1
1311400800,"[縄文時代（後期）]",139.6473392,35.71684538,1
1311402000,"[縄文時代（早期・後期）]",139.6545676,35.72606822,1
1311402500,"[縄文時代（前期・後期）][弥生時代][近世]",139.6718367,35.72523207,1
1311402700,"[縄文時代（早期〜後期）][弥生時代]",139.6661404,35.72901701,1
1311403600,"[縄文時代（後期）][古墳時代]",139.6708783,35.73038265,1
1311404400,"[縄文時代（早期・後期）][弥生時代][中世][近世]",139.6697081,35.72252846,1
1311404500,"[縄文時代（早期・後期）]",139.6702231,35.72342038,1
1311404600,"[縄文時代（中期〜後期）]",139.6688841,35.71887704,1
1311404700,"[縄文時代（中期〜後期）][弥生時代][古墳時代][奈良時代]",139.6667898,35.71985262,1
1311405300,"[旧石器時代][縄文時代（早期〜後期）][弥生時代][古墳時代][近世]",139.6622065,35.71639621,1
1311408300,"[縄文時代（後期）][弥生時代][古墳時代]",139.6739896,35.68935176,1
1311408400,"[縄文時代（後期〜晩期）][古墳時代][近世]",139.6704534,35.68784599,1
1311408700,"[縄文時代（後期）]",139.6687368,35.69071809,1
1311408800,"[縄文時代（後期）]",139.6756376,35.68659116,1
1311408900,"[縄文時代（後期）]",139.6697667,35.68190628,1
1311409100,"[縄文時代（後期）]",139.6680845,35.68617288,1
1311409200,"[縄文時代（後期）]",139.6639646,35.68408144,1
1311409300,"[旧石器時代][縄文時代（後期）][弥生時代][古墳時代]",139.6613553,35.6853642,1
1311409500,"[縄文時代（早期〜後期）][近世]",139.6750787,35.7029275,1
1311409900,"[縄文時代（早期〜後期）][中世][近世]",139.673313,35.72110693,1
1311500800,"[縄文時代（後期）][弥生時代]",139.627790995947,35.7172647263011,1
1311500900,"[縄文時代（後期）]",139.627070018687,35.7187699418528,1
1311501000,"[縄文時代（早期・後期）]",139.623465129771,35.7182403326292,1
1311501400,"[縄文時代（中期・後期）][古墳時代]",139.595799996939,35.7160112016798,1
1311501500,"[旧石器時代][縄文時代（早期〜後期）]",139.587577904396,35.7171043033363,1
1311501900,"[縄文時代（早期〜前期・後期）]",139.617285319546,35.7173204736419,1
1311502400,"[縄文時代（後期）][古墳時代]",139.623327800146,35.7163448560515,1
1311502500,"[縄文時代（後期）][古墳時代][奈良時代]",139.639847966237,35.7080689932403,1
1311502600,"[旧石器時代][縄文時代（草創期〜後期）][近世]",139.614063038336,35.7040541469689,1
1311502900,"[縄文時代（前期〜後期）]",139.606353915678,35.710603543545,1
1311503400,"[縄文時代（後期）]",139.623799380709,35.693012606565,1
1311504000,"[縄文時代（中期〜後期）]",139.616912616932,35.7025207709267,1
1311504500,"[縄文時代（早期〜後期）][弥生時代][古墳時代]",139.632374532812,35.6940839933574,1
1311504600,"[縄文時代（前期〜後期）][古墳時代]",139.624100454967,35.6913514378719,1
1311504700,"[縄文時代（草創期〜後期）][弥生時代][古墳時代][中世]",139.626538045996,35.6936099850923,1
1311505300,"[縄文時代（草創期〜中期）][弥生時代（後期）][近世]",139.638003082493,35.6847931743494,1
1311505400,"[旧石器時代][縄文時代（草創期〜後期）][弥生時代]",139.639582367292,35.683398862586,1
1311506000,"[旧石器時代][縄文時代（早期〜後期）][弥生時代（後期）][古墳時代][奈良時代][近世]",139.657343921961,35.6835046375596,1
1311506200,"[旧石器時代][縄文時代（草創期〜後期）][弥生時代][古墳時代][奈良時代]",139.647187343126,35.6877839189564,1
1311506600,"[縄文時代（後期）][古墳時代]",139.646906910373,35.6905317132498,1
1311506700,"[縄文時代（後期）][弥生時代]",139.660622760437,35.6909394077771,1
1311506800,"[縄文時代（早期〜後期）][弥生時代（後期）][古墳時代][平安時代][近世]",139.662614032148,35.6936162124348,1
1311507200,"[縄文時代（早期〜中期）][弥生時代（後期）][古墳時代][中世][近世]",139.653824,35.685158,1
1311507700,"[縄文時代（中期〜後期）]",139.588961370319,35.6940979345153,1
1311507800,"[縄文時代（中期〜晩期）][古墳時代][中世]",139.613695831124,35.682032413789,1
1311508100,"[旧石器時代][縄文時代（早期〜中期）][弥生時代（後期）][近世]",139.623514862017,35.6796898759574,1
1311508300,"[旧石器時代][縄文時代（草創期〜後期）][中世][近世]",139.634899779917,35.6725989252946,1
1311508400,"[縄文時代（中期〜後期）][古墳時代]",139.631775542725,35.6752763464028,1
1311508500,"[旧石器時代][縄文時代（早期〜後期）]",139.624891893501,35.6747984240377,1
1311508600,"[縄文時代（中期〜後期）]",139.630316392587,35.6767785524597,1
1311509200,"[旧石器時代][縄文時代（早期・後期）][古墳時代]",139.647890986685,35.6770728564842,1
1311510100,"[旧石器時代][縄文時代（草創期〜後期）][近世]",139.605868073579,35.6863826594506,1
1311510700,"[縄文時代（後期）]",139.604803772256,35.681781429828,1
1311511000,"[旧石器時代][縄文時代（草創期〜後期）][古墳時代][中世][近世]",139.616133423463,35.6845979730205,1
1311511100,"[縄文時代（中期・後期）]",139.621660919277,35.6766221595849,1
1311511500,"[旧石器時代][縄文時代（中期〜後期）][古墳時代]",139.599645212045,35.7207219511738,1
1311511900,"[旧石器時代][縄文時代（草創期〜後期）][古墳時代]",139.600649566803,35.6862153470847,1
1311512300,"[旧石器時代][縄文時代（早期・中期〜後期）][近世]",139.61913019047,35.6985495704003,1
1311512700,"[縄文時代（草創期〜後期）][近世]",139.595491005937,35.7114953128606,1
1311513500,"[縄文時代（草創期〜後期）][近世]",139.658717212977,35.6790426826167,1
1311514400,"[縄文時代（草創期〜後期）]",139.609844091275,35.7269896625722,1
1311516000,"[縄文時代（中期〜後期）][古墳時代][近世]",139.637410373898,35.7069817501745,1
1311517400,"[縄文時代（早期〜前期・後期）][弥生時代（後期）][古墳時代][中世][近世]",139.662476702522,35.6927239541975,1
1311517500,"[縄文時代（早期〜中期）][弥生時代（後期）][近世]",139.66292302184,35.6919711035123,1
1311517600,"[旧石器時代][縄文時代（早期〜後期）]　[弥生時代（後期）][古墳時代][中世][近世]",139.627432480931,35.6771411057286,1
1311518500,"[旧石器時代][縄文時代（早期〜後期）][弥生時代][中世][近世]",139.649241505493,35.6784291440134,1
1311518700,"[縄文時代（中期〜晩期）]［弥生時代（後期）］",139.645281525793,35.6888086565039,1
1311600300,"[旧石器時代][縄文時代（後期）]",139.7094095,35.71868978,1
1311600500,"[縄文時代（早期〜後期）][弥生時代（後期）][古墳時代][中世][近世]",139.7413728,35.73716819,1
1311600600,"[縄文時代（中期〜後期）][弥生時代（後期）][近世]",139.735708,35.73549611,1
1311600800,"[縄文時代（中期）][弥生時代（後期）][近世]",139.7494409,35.73394593,1
1320201400,"[旧石器時代][縄文時代（早期・中期〜後期）][奈良時代][平安時代][中世][近世]",139.4089033,35.69072429,1
1320201800,"[旧石器時代][縄文時代（早期〜後期）][奈良時代][平安時代]",139.4234894,35.69047063,1
1320300300,"[旧石器時代][縄文時代（早期〜後期）]",139.5731,35.70024,1
1320300500,"[旧石器時代] [縄文時代（早期〜後期）] [平安時代]",139.5852,35.69714,1
1320400100,"[旧石器時代][縄文時代（早期〜後期）][奈良時代][平安時代][近世]",139.5281783,35.6866886,1
1320400300,"[旧石器時代][縄文時代（早期〜後期）]",139.5313359,35.68085111,1
1320400600,"[旧石器時代][縄文時代（早期〜後期）][古墳時代][近世]",139.5331371,35.67883908,1
1320401400,"[旧石器時代][縄文時代（早期〜晩期）][古墳時代][奈良時代][平安時代][中世][近世]",139.5358014,35.67239775,1
1320402400,"[旧石器時代][縄文時代（早期・中期〜後期）][近世]",139.5677619,35.67933557,1
1320402800,"[旧石器時代][縄文時代（前期〜後期）][中世][近世]",139.531342084976,35.6733467630983,1
1320403000,"[旧石器時代][縄文時代（草創期〜後期）][古墳時代][近世]",139.57930990106,35.6736343807408,1
1320403700,"[縄文時代（前期〜後期）][近世]",139.566812702979,35.6704604933254,1
1320404300,"[旧石器時代][縄文時代（早期〜後期）][弥生時代][古墳時代][奈良時代][平安時代][近世]",139.575636098671,35.664854205792,1
1320404800,"[旧石器時代][縄草][縄文時代（早期〜後期）][弥生時代][古墳時代][奈良時代][平安時代][中世][近世]",139.575481754201,35.6984233956942,1
1320404900,"[旧石器時代][縄文時代（早期・中期〜後期）]",139.579773288625,35.6974196645829,1
1320405000,"[縄文時代（早期〜後期）][奈良時代][平安時代]",139.57791934523,35.6990088988769,1
1320405100,"[縄文時代（早期〜後期）]",139.582760196846,35.6967783859344,1
1320405300,"[縄文時代（中期〜後期）]",139.585575445,35.6947151062878,1
1320500900,"[旧石器時代][縄文時代（早期〜後期）][奈良時代][平安時代]",139.267499709718,35.8337383417722,1
1320501400,"[縄文時代（中期〜後期）]",139.274026655727,35.8087072694474,1
1320501800,"[縄文時代（前期〜後期）]",139.287893086408,35.8234669965174,1
1320502200,"[縄文時代（中期〜後期）]",139.293111593184,35.83101058131,1
1320502300,"[縄文時代（中期〜後期）]",139.29276826912,35.8331538337386,1
1320502800,"[縄文時代（早期〜後期）][平安時代]",139.184937988778,35.807150551674,1
1320503100,"[縄文時代（早期〜前期・後期）]",139.206876309674,35.8068442772814,1
1320503800,"[縄文時代（早期〜後期）][平安時代]",139.21442941157,35.8028904363126,1
1320504000,"[縄文時代（前期〜後期）][奈良時代][平安時代]",139.217416319136,35.8010248213646,1
1320504100,"[縄文時代（中期〜後期）]",139.219132932906,35.8006906767634,1
1320504600,"[縄文時代（後期）]",139.224145445244,35.7967086812422,1
1320504800,"[縄文時代（中期〜後期）]",139.211408171598,35.8013032712928,1
1320505200,"[縄文時代（中期〜後期）]",139.214189084071,35.7921695217354,1
1320505300,"[縄文時代（前期〜後期）][奈良時代][平安時代]",139.220162900513,35.7946758391833,1
1320505400,"[縄文時代（中期〜後期）]",139.225450072756,35.7915011566402,1
1320505700,"[縄文時代（中期〜後期）][奈良時代][平安時代]",139.223012480581,35.7823941303963,1
1320506000,"[縄文時代（早期〜後期）][奈良時代][平安時代]",139.232865844863,35.7784669217334,1
1320506200,"[縄文時代（中期〜後期）]",139.228780305532,35.7868503003375,1
1320506400,"[縄文時代（早期〜後期）][奈良時代][平安時代]",139.237706695824,35.7864603974994,1
1320506800,"[旧石器時代][縄文時代（早期〜後期）][奈良時代][平安時代]",139.246564423922,35.7903315118991,1
1320507000,"[縄文時代（後期）]",139.25157693626,35.7906935488416,1
1320507200,"[縄文時代（前期〜後期）][奈良時代][平安時代]",139.250855958346,35.78565273343,1
1320507400,"[縄文時代（後期）]",139.237706695169,35.7821713145448,1
1320507500,"[縄文時代（中期〜後期）]",139.239114319246,35.7815028664302,1
1320507600,"[縄文時代（早期〜後期）]",139.242513214378,35.7834803474012,1
1320507800,"[縄文時代（中期〜後期）][平安時代]",139.248109376315,35.7840652285792,1
1320508100,"[縄文時代（中期〜晩期）][奈良時代][平安時代]",139.260946055562,35.7839513295575,1
1320508200,"[縄文時代（後期）][奈良時代][平安時代]",139.258783122474,35.7852046288152,1
1320508300,"[縄文時代（後期）]",139.261117716939,35.7872377147557,1
1320508500,"[縄文時代（中期〜後期）]",139.262182017607,35.7884631107899,1
1320508700,"[縄文時代（前期・後期）][奈良時代][平安時代]",139.263349314839,35.7908859988097,1
1320508800,"[縄文時代（前期〜後期）]",139.27172638974,35.783422154444,1
1320508900,"[縄文時代（中期〜後期）]",139.278558512739,35.7828094204608,1
1320509200,"[縄文時代（前期〜後期）]",139.274541636911,35.7808040732271,1
1320509400,"[縄文時代（後期）]",139.293085787526,35.7666628768171,1
1320509500,"[縄文時代（早期〜後期）][奈良時代][平安時代]",139.2862536642,35.7640721005247,1
1320510000,"[縄文時代（中期〜後期）]",139.274850625785,35.7958986356183,1
1320510800,"[縄文時代（中期〜後期）][古墳時代][奈良時代][平安時代]",139.27773454088,35.7953138455059,1
1320510900,"[旧石器時代][縄文時代（早期〜後期）][弥生時代（中期〜後期）][古墳時代][奈良時代][平安時代][中世]",139.282403730464,35.7959543308157,1
1320511100,"[縄文時代（前期〜後期）][古墳時代][奈良時代][平安時代][中世]",139.285665297281,35.7965669623982,1
1320511500,"[縄文時代（前期〜後期）][古墳時代][奈良時代][平安時代]",139.289716504369,35.7990174481292,1
1320511600,"[旧石器時代][縄文時代（前期〜中期）]［弥生時代（後期）］[古墳時代][奈良時代][平安時代][中世]",139.293115400648,35.7965391170108,1
1320512600,"[縄文時代（前期〜後期）][古墳時代][奈良時代][平安時代]",139.287519240676,35.8021082966323,1
1320512900,"[縄文時代（中期〜後期）][奈良時代][平安時代]",139.293527386414,35.8037789760342,1
1320513700,"[縄文時代（中期〜後期）][弥生時代][古墳時代][奈良時代][平安時代]",139.301046154593,35.8033613071544,1
1320514000,"[旧石器時代][縄文時代（前期〜後期）][古墳時代][奈良時代][平安時代]",139.30245377736,35.8087907967677,1
1320514200,"[縄文時代（中期〜後期）][平安時代]",139.307363292479,35.8087072691819,1
1320514400,"[旧石器時代][縄文時代（早期〜後期）][奈良時代][平安時代][中世]",139.312684795165,35.8102942809453,1
1320514500,"[縄文時代（前期〜後期）]",139.313955088306,35.8104056495227,1
1320515000,"[縄文時代（中期〜後期）][奈良時代][平安時代]",139.318177959227,35.8079276723743,1
1320515600,"[縄文時代（後期）][奈良時代][平安時代]",139.208283935061,35.8041712780159,1
1320515800,"[縄文時代（前期〜後期）][古墳時代][奈良時代][平安時代][中世][近世]",139.308564922118,35.8073429689499,1
1320516500,"[縄文時代（早期・中期〜後期）]",139.264344951349,35.7979592960718,1
1320600100,"[旧石器時代][縄文時代（前期〜後期）][奈良時代][平安時代][中世][近世]",139.470458,35.69050485,1
1320601800,"[旧石器時代][縄文時代（早期〜後期）][弥生時代]",139.517895555656,35.6906828099053,1
1320602600,"[縄文時代（早期・中期〜後期）]",139.496569997473,35.6675244273553,1
1320700300,"[縄文時代（中期〜後期）][中世]",139.3413947,35.70647404,1
1320700900,"[縄文時代（早期・中期〜後期）]",139.3458235,35.71362184,1
1320701000,"[縄文時代（早期・後期）]",139.3447249,35.71303644,1
1320701300,"[縄文時代（中期〜後期）][近世]",139.3550932,35.70650192,1
1320702200,"[縄文時代（前期〜後期）][古墳時代][平安時代]",139.3790943,35.69852683,1
1320702600,"[縄文時代（早期〜後期）][平安時代]",139.343887,35.718903,1
1320703300,"[縄文時代（後期）][奈良時代？][平安時代]",139.3436263,35.70990301,1
1320801000,"[縄文時代（中期〜晩期）][奈良時代][平安時代][近世]",139.5578128,35.67407388,1
1320801300,"[縄文時代（中期〜後期）][古墳時代]",139.5797814,35.65447452,1
1320801800,"[縄文時代（中期〜後期）][奈良時代][平安時代][中世][近世]",139.549816,35.66756606,1
1320802500,"[旧石器時代][縄文時代（早期・後期）][古墳時代][奈良時代][平安時代][近世]",139.5588752,35.66405133,1
1320802700,"[旧石器時代][縄文時代（早期〜後期）][弥生時代]",139.5248308,35.68457177,1
1320802901,"[縄文時代（草創期〜早期・中期〜後期）][奈良時代][中世]",139.553741,35.66039332,1
1320803800,"[旧石器時代][縄文時代（前期〜晩期）][古墳時代][奈良時代][平安時代][近世]",139.5229111,35.65969456,1
1320803900,"[縄文時代（早期〜前期・後期〜晩期）][古墳時代][平安時代][中世]",139.528214,35.655678,1
1320804000,"[縄文時代（早期・中期〜後期）][古墳時代][奈良時代][平安時代][中世][近世]",139.53389,35.65073,1
1320804500,"[旧石器時代][縄文時代（早期〜晩期）][古墳時代][奈良時代][平安時代][中世][近世]",139.5445643,35.64632794,1
1320804600,"[縄文時代（早期〜晩期）][古墳時代][奈良時代][平安時代][近世]",139.5495276,35.64537974,1
1320804900,"[縄文時代（晩期）][弥生時代（後期）][古墳時代][奈良時代][平安時代]",139.5573796,35.64174287,1
1321000100,"[旧石器時代][縄文時代（早期〜後期）]",139.4939,35.69959,1
1321000200,"[旧石器時代][縄文時代（草創期〜後期）]",139.4983,35.69911,1
1321000400,"[旧石器時代][縄文時代（草創期〜後期）]",139.5062,35.69861,1
1321000500,"[旧石器時代][縄文時代（早期〜後期）]",139.5119,35.69695,1
1321000800,"[旧石器時代][縄文時代（前期〜後期）][近世]",139.4948,35.69673,1
1321000900,"[旧石器時代][縄文時代（早期〜後期）]",139.4985,35.69394,1
1321001200,"[旧石器時代][縄文時代（草創期〜後期）][近世]",139.5071,35.69322,1
1321001400,"[旧石器時代][縄文時代（後期）]",139.5121,35.69427,1
1321001600,"[旧石器時代][縄文時代（草創期〜後期）][古墳時代][中世][近世]",139.5142,35.69129,1
1321001700,"[旧石器時代][縄文時代（後期）]",139.5157,35.69202,1
1321001800,"[旧石器時代][縄文時代（草創期〜早期・後期）][古墳時代][平安時代][中世][近世]",139.5162,35.69313,1
1321001900,"[旧石器時代][縄文時代（前期〜後期）][古墳時代][中世][近世]",139.5198,35.69087,1
1321002000,"[旧石器時代][縄文時代（中期〜後期）]",139.5227,35.68884,1
1321002100,"[縄文時代（中期〜後期）]",139.5256,35.68753,1
1321200100,"[旧石器時代][縄文時代（草創期〜後期）][古墳時代][奈良時代][中世]",139.3793835,35.68263916,1
1321200400,"[縄文時代（前期〜後期）][平安時代][中世][近世]",139.3917138,35.68405216,1
1321200500,"[縄文時代（中期〜後期）][奈良時代][平安時代][中世]",139.4005028,35.6742356,1
1321201400,"[縄文時代（後期〜晩期）][古墳時代][奈良時代][平安時代][中世][近世]",139.4106364,35.67173494,1
1321203400,"[縄文時代（前期〜後期）]",139.4098767,35.65255204,1
1321203600,"[縄文時代（後期）]",139.4149578,35.65584385,1
1321205100,"[旧石器時代][縄文時代（早期〜前期・後期）][平安時代][中世]",139.382675,35.670509,1
1321400200,"[旧石器時代][縄文時代（早期・中期〜後期）][奈良時代][平安時代][中世]",139.4705243,35.70254176,1
1321401800,"[縄文時代（中期〜後期）]",139.4848388,35.69845044,1
1321403200,"[縄文時代（早期・中期〜後期）]",139.4889865,35.6973684,1
1321500800,"[旧石器時代][縄文時代（早期〜後期）][奈良時代][平安時代][近世]",139.423645,35.686913,1
1321501300,"[縄文時代（早期〜後期）][奈良時代][平安時代][中世][近世]",139.4324542,35.68022068,1
1321800100,"[縄文時代（前期〜後期）]",139.3202321,35.75024378,1
1321800300,"[縄文時代（後期）][平安時代?]",139.3245237,35.73937643,1
1321800400,"[縄文時代（前期〜後期）]［近世？］",139.3253133,35.74358422,1
1321800500,"[縄文時代（早期・中期〜後期）]",139.3325231,35.74386288,1
1321800600,"[縄文時代（後期）][平安時代？]",139.3283689,35.73324548,1
1321902900,"[縄文時代（草創期・中期〜後期）][弥生時代][古墳時代][奈良時代][平安時代][近世]",139.5904667,35.62996028,1
1321904201,"[旧石器時代][縄文時代（中期〜後期）][弥生時代（後期）][古墳時代][奈良時代][平安時代][中世][近世]",139.575899,35.63310663,1
1321904300,"[縄文時代（中期〜後期）][弥生時代（後期）][古墳時代][奈良時代][平安時代][近世]",139.5794181,35.6316277,1
1321906500,"[縄文時代（中期〜晩期）][弥生時代][古墳時代][奈良時代][中世]",139.5672118,35.63463074,1
1322300600,"[縄文時代（早期〜後期）][古墳時代]",139.3810201,35.76264685,1
1322300700,"[縄文時代（早期〜後期）]",139.3829801,35.76041659,1
1322300800,"[縄文時代（早期〜後期）][弥生時代][古墳時代][奈良時代][平安時代][近世？]",139.3851431,35.76217173,1
1322301300,"[旧石器時代][縄文時代（早期〜晩期）][弥生時代（後期）][古墳時代][平安時代]",139.387821,35.75868928,1
1322301800,"[旧石器時代][縄文時代（草創期〜晩期）][弥生時代（後期）][古墳時代][平安時代][中世]",139.3980655,35.75746344,1
1322303800,"[縄文時代（中期）][弥生時代（後期）][古墳時代][近世]",139.3727331,35.76496954,1
1322700600,"[縄文時代（中期〜後期）]",139.3152879,35.7541613,1
1322800700,"[縄文時代（中期〜後期）]",139.2028926,35.72747735,1
1322801900,"[縄文時代（早期〜後期）][平安時代]",139.2286675,35.7281811,1
1322802000,"[縄文時代（中期〜後期）][平安時代]",139.2318261,35.72319207,1
1322802100,"[縄文時代（中期〜後期）][古墳時代]",139.2341607,35.72781878,1
1322803200,"[縄文時代（中期〜後期）][古墳時代][平安時代]",139.2520135,35.72333143,1
1322803400,"[縄文時代（早期〜後期）][古墳時代][奈良時代][平安時代][中世][近世]",139.2577813,35.73277965,1
1322804200,"[縄文時代（前期〜後期）][古墳時代]",139.2873744,35.75373129,1
1322804400,"[縄文時代（早期・中期〜後期）][古墳時代][平安時代][近世]",139.289812,35.74553947,1
1322804800,"[縄文時代（前期〜後期）]",139.2984723,35.7409939,1
1322804900,"[縄文時代（前期〜後期）][古墳時代][奈良時代][平安時代]",139.3028325,35.74060377,1
1322805100,"[縄文時代（後期）]",139.3054589,35.73916864,1
1322805200,"[縄文時代（後期）]",139.3060597,35.73751053,1
1322806400,"[縄文時代（後期〜晩期）][古墳時代][平安時代]",139.3090809,35.73508602,1
1322806800,"[縄文時代（前期〜後期）][古墳時代][奈良時代][平安時代][中世][近世]",139.2994743,35.73449207,1
1322807400,"[縄文時代（中期〜後期）][古墳時代][奈良時代][平安時代]",139.2762349,35.72354744,1
1322807700,"[縄文時代（中期〜後期）][古墳時代]",139.2899943,35.72459461,1
1322808000,"[縄文時代（中期〜後期）]",139.2889343,35.7193301,1
1322808100,"[縄文時代（中期〜後期）]",139.2935692,35.72183871,1
1322808900,"[旧石器時代][縄文時代（草創期〜後期）][弥生時代][古墳時代][平安時代][中世][近世]",139.3154045,35.72418002,1
1322809000,"[縄文時代（中期〜後期）]",139.3084007,35.72139275,1
1322809100,"[旧石器時代][縄文時代（草創期〜後期）][弥生時代][古墳時代][奈良時代][平安時代][中世][近世]",139.3128296,35.72886241,1
1322810800,"[縄文時代（早期〜後期）][古墳時代][中世][近世]",139.2935531,35.73898662,1
1322810900,"[縄文時代（後期）][平安時代][中世][近世]",139.2509492,35.73319769,1
1322811500,"[縄文時代（後期）]",139.3060661,35.7199712,1
1322900700,"[旧石器時代][縄文時代(早期〜後期)][弥生時代（後期）][古墳時代][平安時代][近世]",139.5611,35.7257,1
1322901100,"[旧石器時代][縄文時代(草創期〜後期)][中世][近世]",139.5642,35.72665,1
1330300300,"[旧石器時代][縄文時代（早期・中期〜後期）]［弥生時代］",139.3540739,35.776287,1
1330500600,"[縄文時代（中期〜後期）]",139.2742012,35.74496742,1
1330500900,"[縄文時代（早期〜後期）][弥生時代]",139.2547562,35.73861047,1
1330501000,"[縄文時代（早期〜後期）][古墳時代][奈良時代][平安時代][中世][近世]",139.2589104,35.73529421,1
1330501800,"[縄文時代（中期）][弥生時代（後期）][古墳時代][奈良時代][平安時代][中世]",139.2825654,35.73827606,1
1330502400,"[縄文時代（草創期〜後期）][奈良時代][平安時代][近世]",139.2705147,35.7337057,1
1330701300,"[縄文時代（前期〜後期）]",139.1229818,35.73855867,1
1330701600,"[縄文時代（早期・中期〜後期）]",139.1388968,35.74029316,1
1330701800,"[縄文時代（中期〜後期）]",139.146775,35.72610719,1
1330702900,"[縄文時代（前期〜後期）]",139.1267739,35.70396177,1
1330703400,"[縄文時代（中期〜後期）]",139.1212995,35.73727677,1
1330703500,"[縄文時代（中期〜後期）]",139.1440068,35.73835081,1
1330703700,"[縄文時代（中期〜後期）]",139.1408482,35.74010642,1
1330704100,"[縄文時代（後期）]",139.1467896,35.70454724,1
1330800200,"[縄文時代（中期〜後期）]",138.998153763294,35.7736997596532,1
1330800300,"[縄文時代（中期〜後期）]",139.001473420308,35.7731148043413,1
1330800500,"[縄文時代（中期〜後期）]",139.021190898654,35.7724690333137,1
1330800700,"[縄文時代（中期〜後期）]",139.022065939649,35.7766801742627,1
1330801400,"[縄文時代（中期〜後期）]",139.038614097959,35.782947040284,1
1330801500,"[縄文時代（前期・後期）]",139.04901677845,35.7835040711813,1
1330802100,"[縄文時代（中期〜後期）]",139.095434008492,35.807536236286,1
1330802400,"[縄文時代（早期〜後期）][平安時代][中世]",139.112050828995,35.8111557464705,1
1330802700,"[縄文時代（中期〜後期）]",139.116273701226,35.7997676526318,1
1330802800,"[縄文時代（中期〜後期）]",139.126599134621,35.8166334248607,1
1330803300,"[縄文時代（前期〜後期）][奈良時代][平安時代]",139.139748398453,35.8138772312076,1
1330804200,"[縄文時代（中期〜後期）][平安時代]",139.161755389074,35.8140164311101,1
1330804800,"[縄文時代（後期）]",139.163969821099,35.8269354393838,1
