"JASID","自治体コード","時代","経度","緯度","前期"
1310100200,13101,"[縄文時代（前期〜晩期）]",139.7550845,35.6866013,1
1310101300,13101,"[縄文時代（前期）]",139.7612639,35.6988349,1
1310102200,13101,"[旧石器時代][縄文時代（早期〜後期）][弥生時代][古墳時代][中世][近世]",139.754735,35.69037522,1
1310105600,13101,"[縄文時代（前期・後期）][弥生時代（後期）][近世][近代]",139.7464141,35.69089728,1
1310105800,13101,"[縄文時代（前期・後期）][近世]",139.7413855,35.67348697,1
1310106500,13101,"[縄文時代（前期）][近世]",139.7404933,35.69527317,1
1310107100,13101,"[縄文時代（前期・中期・後期）][弥生時代（後期）][平安時代]",139.7500377,35.68272514,1
1310304500,13103,"[縄文時代（前期・中期）][近世]",139.731010481376,35.6548082864047,1
1310305100,13103,"[縄文時代（前期）]",139.729568526202,35.6486010799078,1
1310306800,13103,"[縄文時代（前期）]",139.719772,35.639008,1
1310309900,13103,"[縄文時代（前期〜中期）][弥生時代][古墳時代]",139.740760847128,35.6631767884883,1
1310310000,13103,"[縄文時代（前期〜後期）][弥生時代][古墳時代][奈良時代][平安時代]",139.74316410706,35.665059580064,1
1310401500,13104,"[旧石器時代][縄文時代（前期〜後期）][近世]",139.7282492,35.69941572,1
1310401700,13104,"[縄文時代（前期、中期、後期）][弥生時代（後期）][古墳時代][奈良時代][近世]",139.7368646,35.69725793,1
1310404000,13104,"[縄文時代（前期〜後期）][近世]",139.7328101,35.69031143,1
1310405400,13104,"[縄文時代（前期〜後期）][近世]",139.7231879,35.6941138,1
1310406100,13104,"[旧石器時代][縄文時代（早期〜晩期）][平安時代][近世]",139.7290067,35.69304468,1
1310406200,13104,"[縄文時代（前期〜中期）][近世]",139.7202736,35.68842154,1
1310406700,13104,"[縄文時代（早期〜前期）][中世][近世]",139.71334360533,35.6776233120809,1
1310406800,13104,"[旧石器時代][縄文時代（前期?中期）][弥生時代（後期）][古墳時代][中世][近世]",139.689965,35.70440123,1
1310407700,13104,"[旧石器時代][縄文時代（前期〜中期）][古墳時代][奈良時代][平安時代]",139.690914,35.71507608,1
1310407900,13104,"[旧石器時代][縄文時代（草創期〜後期）][弥生時代（後期）][古墳時代][奈良時代][平安時代][近世]",139.6947029,35.70590669,1
1310408000,13104,"[旧石器時代][縄文時代（早期〜後期）][弥生時代（後期）][古墳時代][近世]",139.7115907,35.71294957,1
1310408800,13104,"[旧石器時代][縄文時代（早期〜後期）][近世]",139.7285411,35.69747797,1
1310409300,13104,"[縄文時代（前期?中期）][近世]",139.7179047,35.68998307,1
1310409700,13104,"[縄文時代（早期〜前期）][近世]",139.7214885,35.69259418,1
1310410400,13104,"[縄文時代（前期〜後期）][近世]",139.7200333,35.68376465,1
1310410700,13104,"[旧石器時代][縄文時代（早期〜後期）][弥生時代（後期）][古墳時代]",139.6900837,35.70114116,1
1310411000,13104,"[旧石器時代][縄文時代（早期〜後期][近世]",139.7204484,35.69892663,1
1310411500,13104,"[縄文時代（前期?中期）][古墳時代][中世][近世]",139.6884014,35.69609467,1
1310411700,13104,"[縄文時代（前期〜後期）][近世]",139.7289597,35.6907917,1
1310412600,13104,"[縄文時代（前期〜中期）][奈良時代][平安時代][近世]",139.7379333,35.70485643,1
1310413000,13104,"[縄文時代（前期〜中期）][古墳時代][奈良時代][近世]",139.7401134,35.70244486,1
1310503800,13105,"[縄文時代（前期?晩期）]",139.7646685,35.70143345,1
1310504000,13105,"[縄文時代（前期?晩期）]",139.7675524,35.70932315,1
1310505800,13105,"[縄文時代（前期?中期）][奈良時代][平安時代][近世]",139.7568407,35.70266017,1
1310507400,13105,"[縄文時代（前期・後期）][弥生時代][平安時代][近世]",139.7655954,35.70937891,1
1310900300,13109,"縄文時代（前期）]",139.728664,35.62745086,1
1310900400,13109,"[縄文時代（早期〜中期）][弥生時代（後期）]",139.7229069,35.63109445,1
1310900800,13109,"[縄文時代（前期）][弥生時代]",139.7337182,35.62050855,1
1310901000,13109,"[縄文時代（早期〜後期）][弥生時代][中世]",139.7245685,35.61720399,1
1310903000,13109,"[縄文時代（早期〜後期）][古墳時代]",139.7289666,35.61491723,1
1311000200,13110,"[旧石器時代][縄文時代（早期〜後期）]",139.6804591,35.65884679,1
1311000300,13110,"［旧石器時代］[縄文時代（早期〜後期）][弥生時代（前期〜後期）][古墳時代][奈良時代][平安時代][中世][近世]［近代］",139.6875316,35.65337917,1
1311000800,13110,"[旧石器時代][縄文時代（早期〜晩期）][弥生時代（後期）][古墳時代][平安時代][中世][近世][近代]",139.6866739,35.64782322,1
1311001200,13110,"[縄文時代（早期〜前期）][弥生時代（中期）]［近世］",139.7051446,35.64402888,1
1311001500,13110,"[旧石器時代][縄文時代（早期〜後期）][中世][近世]",139.7015397,35.63607692,1
1311002000,13110,"[縄文時代（早期〜後期）][弥生時代（後期）]",139.7075822,35.62857065,1
1311003000,13110,"[縄文時代（前期）]",139.6627422,35.62913927,1
1311003300,13110,"[旧石器時代][縄文時代（草創期〜後期）][平安時代][中世][近世]",139.6726427,35.62084051,1
1311004000,13110,"[縄文時代（前期〜後期）]",139.683245,35.60780795,1
1311004100,13110,"[縄文時代（前期〜後期）]",139.6832107,35.60613316,1
1311004700,13110,"[旧石器時代][縄文時代（草創期〜晩期）][弥生時代（後期）][古墳時代][平安時代][中世][近世][近代]",139.684373,35.65446715,1
1311004900,13110,"[縄文時代（早期〜前期）][中世][近世]",139.6898324,35.62014271,1
1311005100,13110,"[旧石器時代][縄文時代（前期〜後期）][弥生時代（後期）][近世]",139.713776,35.640392,1
1311005400,13110,"[旧石器時代][縄文時代（早期〜中期・晩期）][弥生時代（後期）][近世]",139.6977975,35.64944134,1
1311005600,13110,"[縄文時代（前期〜中期）][中世][近世][近代]",139.6939523,35.65030619,1
1311100100,13111,"[縄文時代（前期・後期）]",139.6674392,35.58883561,1
1311104500,13111,"[縄文時代（前期）]",139.6761517,35.58467801,1
1311104800,13111,"[縄文時代（早期〜晩期）][弥生時代][近世]",139.6724802,35.58533812,1
1311105700,13111,"[旧石器時代][縄文時代（早期〜前期）][弥生時代（後期）][古墳時代][平安時代]",139.6844687,35.58976951,1
1311105800,13111,"[縄文時代（前期）]",139.6920433,35.60212279,1
1311105900,13111,"[縄文時代（前期）]",139.7019138,35.59277077,1
1311106000,13111,"[縄文時代（前期〜晩期）]",139.7035017,35.59549274,1
1311106200,13111,"[縄文時代（前期）]",139.7166881,35.58939185,1
1311106300,13111,"[縄文時代（前期）]",139.7140918,35.58647772,1
1311106500,13111,"[縄文時代（前期）][弥生時代]",139.7096019,35.59124845,1
1311106700,13111,"[旧石器時代][縄文時代（前期〜中期）]",139.7014033,35.58769331,1
1311107400,13111,"[縄文時代（前期）][弥生時代]",139.7069823,35.57945652,1
1311107600,13111,"[縄文時代（前期〜中期）]",139.6882712,35.586053,1
1311107700,13111,"[縄文時代（前期）]",139.6936786,35.58212659,1
1311107800,13111,"[縄文時代（前期〜中期）]",139.6912324,35.58052107,1
1311108700,13111,"[縄文時代（前期・後期）]",139.6829192,35.57566033,1
1311111000,13111,"[縄文時代（草創期〜前期）][弥生時代（後期）][近世]",139.6744099,35.58633184,1
1311111600,13111,"[縄文時代（前期）]",139.7026565,35.58375587,1
1311113700,13111,"[縄文時代（前期・後期〜晩期）]",139.6602175,35.59661086,1
1311117200,13111,"[縄文時代（前期）][中世][近世]",139.7038385,35.58116395,1
1311117300,13111,"[縄文時代（前期][弥生時代（後期）]",139.6765192,35.58252941,1
1311122500,13111,"[縄文時代（前期）]",139.6802212,35.5947453,1
1311122700,13111,"[縄文時代（前期〜後期）]",139.683016,35.60469027,1
1311200100,13112,"[旧石器時代][縄文時代（早期〜後期）][古墳時代][奈良時代][平安時代][近世]",139.59153,35.67412332,1
1311200500,13112,"[旧石器時代][縄文時代（早期〜後期）][近世]",139.6152536,35.65838154,1
1311200700,13112,"[縄文時代（早期〜晩期）][平安時代][中世][近世]",139.6035377,35.65423201,1
1311200900,13112,"[旧石器時代][縄文時代（早期〜晩期）][弥生時代][古墳時代][平安時代][近世]",139.6006734,35.63379948,1
1311201900,13112,"[旧石器時代][縄文時代（早期〜晩期）][弥生時代][古墳時代][平安時代][中世][近世]",139.5923661,35.6414265,1
1311202300,13112,"[旧石器時代][縄文時代（早期〜中期）][古墳時代][奈良時代][平安時代][近世]",139.5935426,35.62879711,1
1311204800,13112,"[旧石器時代][縄文時代（早期〜中期）][弥生時代（後期）][古墳時代][奈良時代][中世]",139.604996,35.64027,1
1311205200,13112,"[旧石器時代][縄文時代（早期〜晩期）][弥生時代（後期）][古墳時代][奈良時代][平安時代][中世][近世]",139.620575,35.624981,1
1311205300,13112,"[縄文時代（早期〜後期）][中世][近世]",139.62178,35.660549,1
1311205400,13112,"[縄文時代（早期〜中期）][古墳時代][奈良時代][平安時代]",139.619125,35.65461,1
1311205500,13112,"[縄文時代（早期〜中期）]",139.623856,35.652687,1
1311207000,13112,"[旧石器時代][縄文時代（草創期〜中期）][近世]",139.6555,35.65914,1
1311207600,13112,"[縄文時代（早期〜晩期）][近世]",139.6543,35.66495,1
1311208500,13112,"[縄文時代（早期〜後期）][古墳時代][中世][近世]",139.6755,35.65216,1
1311208600,13112,"[旧石器時代][縄文時代（早期〜後期）][弥生時代（中期）][古墳時代][平安][その他（近代）]",139.6412,35.64488,1
1311209100,13112,"[縄文時代（早期〜前期）]",139.6526,35.64828,1
1311209600,13112,"[旧石器時代][縄文時代（早期〜中期）][近世]",139.6846,35.6413,1
1311210500,13112,"[旧石器時代][縄文時代（早期〜後期）][弥生時代（後期）][古墳時代][奈良時代][平安時代][中世][近世]",139.6318,35.61599,1
1311210700,13112,"[旧石器時代][縄文時代（早期〜晩期）][弥生時代（後期）][古墳時代][奈良時代][平安時代][中世][近世]",139.6244,35.62158,1
1311211200,13112,"[旧石器時代][縄文時代（早期〜前期）][弥生時代][古墳時代][中世][近世]",139.6227,35.62252,1
1311211700,13112,"[旧石器時代][縄文時代（早期〜中期）][弥生時代（後期）][古墳時代][奈良時代][平安時代][中世][近世]",139.6336,35.6134,1
1311212300,13112,"[旧石器時代][縄文時代（早期〜後期）][中世][近世]",139.6424,35.60424,1
1311212500,13112,"[縄文時代（前期〜中期）]",139.6408,35.60633,1
1311214300,13112,"[旧石器時代][縄文時代（早期〜後期）][弥生時代（後期）][平安時代][中世][近世]",139.6748,35.60334,1
1311214500,13112,"[旧石器時代][縄文時代（前期〜後期）][弥生時代（後期）][古墳時代][近世]",139.6635,35.6037,1
1311215500,13112,"[旧石器時代][縄文時代（早期〜後期）][古墳時代]",139.5937,35.63851,1
1311215900,13112,"[旧石器時代][縄文時代（早期〜晩期）][弥生時代（中期〜後期][古墳時代][奈良時代][平安時代][中世][近世]",139.5966,35.6261,1
1311221900,13112,"[縄文時代（前期〜中期）]",139.637116,35.6092867,1
1311222300,13112,"[縄文時代（前期）]",139.6593532,35.61259553,1
1311223300,13112,"[縄文時代（草創期〜中期）][弥生時代][古墳時代][奈良時代][平安時代][近世]",139.585719,35.64107299,1
1311224100,13112,"[縄文時代（早期〜中期）][近世]",139.6237425,35.66276092,1
1311224600,13112,"[旧石器時代][縄文時代（早期〜晩期）][奈良時代][平安時代]",139.6031945,35.63250431,1
1311224700,13112,"[縄文時代（早期〜晩期）][古墳時代][近世]",139.601044,35.63098942,1
1311224800,13112,"[縄文時代（早期〜中期）][古墳時代][中世][近世]",139.620332,35.62631979,1
1311225000,13112,"[縄文時代（早期〜晩期）][古墳時代]",139.6356912,35.61181815,1
1311225800,13112,"[縄文時代（早期〜後期）][古墳時代][近世]",139.6044304,35.63911735,1
1311227400,13112,"[旧石器時代][縄文時代（早期〜中期）][奈良時代][近世]",139.6263713,35.62034255,1
1311227500,13112,"[縄文時代（早期〜後期）]",139.6606921,35.60829709,1
1311228100,13112,"[旧石器時代][縄文時代(早期〜後期)][奈良時代][平安時代][中世][近世]",139.6064007,35.62882062,1
1311228700,13112,"[旧石器時代][縄文時代（前期）][古墳時代]",139.5875251,35.66436561,1
1311228800,13112,"[縄文時代（早期〜晩期）][弥生時代][古墳時代][奈良時代][平安時代][中世][近世]",139.6192162,35.62029178,1
1311229500,13112,"[縄文時代（前期〜中期）]",139.6512484,35.60195673,1
1311229600,13112,"[旧石器時代][縄文時代（早期〜後期）][弥生時代（後期）][古墳時代][中世][近世]",139.6479353,35.60406427,1
1311229700,13112,"[旧石器時代][縄文時代（早期〜後期）][古墳時代][中世][近世]",139.6479182,35.60188694,1
1311231400,13112,"[縄文時代（前期）]",139.678253,35.596493,1
1311232500,13112,"[旧石器時代][縄文時代（早期〜後期）][古墳時代][奈良時代][平安時代][近世]",139.6721799,35.65106232,1
1311300300,13113,"[縄文時代（早期〜後期）]",139.6886542,35.67131712,1
1311305800,13113,"[縄文時代（早期〜晩期）][弥生時代（後期）][古墳時代][平安時代]",139.720998,35.64621084,1
1311400100,13114,"[縄文時代（前期）]",139.6382068,35.72144459,1
1311401400,13114,"[縄文時代（前期〜中期）]",139.6540354,35.71617321,1
1311402300,13114,"[縄文時代（前期）]",139.6755789,35.72682075,1
1311402500,13114,"[縄文時代（前期・後期）][弥生時代][近世]",139.6718367,35.72523207,1
1311402600,13114,"[縄文時代（前期）]",139.6692961,35.72787986,1
1311402700,13114,"[縄文時代（早期〜後期）][弥生時代]",139.6661404,35.72901701,1
1311405300,13114,"[旧石器時代][縄文時代（早期〜後期）][弥生時代][古墳時代][近世]",139.6622065,35.71639621,1
1311405800,13114,"[縄文時代（早期〜前期）]",139.6764372,35.71815231,1
1311408600,13114,"[縄文時代（早期〜中期）][弥生時代][古墳時代]",139.6678098,35.68988157,1
1311409500,13114,"[縄文時代（早期〜後期）][近世]",139.6750787,35.7029275,1
1311409900,13114,"[縄文時代（早期〜後期）][中世][近世]",139.673313,35.72110693,1
1311501500,13115,"[旧石器時代][縄文時代（早期〜後期）]",139.587577904396,35.7171043033363,1
1311501900,13115,"[縄文時代（早期〜前期・後期）]",139.617285319546,35.7173204736419,1
1311502300,13115,"[縄文時代（前期）][弥生時代]",139.621473856751,35.7136130634659,1
1311502600,13115,"[旧石器時代][縄文時代（草創期〜後期）][近世]",139.614063038336,35.7040541469689,1
1311502900,13115,"[縄文時代（前期〜後期）]",139.606353915678,35.710603543545,1
1311504500,13115,"[縄文時代（早期〜後期）][弥生時代][古墳時代]",139.632374532812,35.6940839933574,1
1311504600,13115,"[縄文時代（前期〜後期）][古墳時代]",139.624100454967,35.6913514378719,1
1311504700,13115,"[縄文時代（草創期〜後期）][弥生時代][古墳時代][中世]",139.626538045996,35.6936099850923,1
1311504900,13115,"[縄文時代（早期〜中期）][古墳時代]",139.63680145351,35.6873865292026,1
1311505100,13115,"[縄文時代（前期）]",139.635393829433,35.6875259545062,1
1311505300,13115,"[縄文時代（草創期〜中期）][弥生時代（後期）][近世]",139.638003082493,35.6847931743494,1
1311505400,13115,"[旧石器時代][縄文時代（草創期〜後期）][弥生時代]",139.639582367292,35.683398862586,1
1311506000,13115,"[旧石器時代][縄文時代（早期〜後期）][弥生時代（後期）][古墳時代][奈良時代][近世]",139.657343921961,35.6835046375596,1
1311506200,13115,"[旧石器時代][縄文時代（草創期〜後期）][弥生時代][古墳時代][奈良時代]",139.647187343126,35.6877839189564,1
1311506800,13115,"[縄文時代（早期〜後期）][弥生時代（後期）][古墳時代][平安時代][近世]",139.662614032148,35.6936162124348,1
1311507200,13115,"[縄文時代（早期〜中期）][弥生時代（後期）][古墳時代][中世][近世]",139.653824,35.685158,1
1311507600,13115,"[旧石器時代][縄文時代（早期〜中期）][中世][近世][近代]",139.604323121186,35.6837613860418,1
1311508100,13115,"[旧石器時代][縄文時代（早期〜中期）][弥生時代（後期）][近世]",139.623514862017,35.6796898759574,1
1311508300,13115,"[旧石器時代][縄文時代（草創期〜後期）][中世][近世]",139.634899779917,35.6725989252946,1
1311508500,13115,"[旧石器時代][縄文時代（早期〜後期）]",139.624891893501,35.6747984240377,1
1311510100,13115,"[旧石器時代][縄文時代（草創期〜後期）][近世]",139.605868073579,35.6863826594506,1
1311511000,13115,"[旧石器時代][縄文時代（草創期〜後期）][古墳時代][中世][近世]",139.616133423463,35.6845979730205,1
1311511900,13115,"[旧石器時代][縄文時代（草創期〜後期）][古墳時代]",139.600649566803,35.6862153470847,1
1311512700,13115,"[縄文時代（草創期〜後期）][近世]",139.595491005937,35.7114953128606,1
1311513500,13115,"[縄文時代（草創期〜後期）][近世]",139.658717212977,35.6790426826167,1
1311514400,13115,"[縄文時代（草創期〜後期）]",139.609844091275,35.7269896625722,1
1311514900,13115,"[縄文時代（前期）][近世]",139.616470334458,35.7261498545746,1
1311515800,13115,"[縄文時代（前期）]",139.633427830477,35.7059781268016,1
1311516800,13115,"[縄文時代（早期〜中期）][古墳時代][奈良時代][平安時代][近世]",139.644040149747,35.6722775433842,1
1311517000,13115,"[縄文時代（早期〜前期）]",139.650816447586,35.6778084448621,1
1311517300,13115,"[縄文時代（早期〜前期）][古墳時代][近世]",139.650774897032,35.6820926622347,1
1311517400,13115,"[縄文時代（早期〜前期・後期）][弥生時代（後期）][古墳時代][中世][近世]",139.662476702522,35.6927239541975,1
1311517500,13115,"[縄文時代（早期〜中期）][弥生時代（後期）][近世]",139.66292302184,35.6919711035123,1
1311517600,13115,"[旧石器時代][縄文時代（早期〜後期）]　[弥生時代（後期）][古墳時代][中世][近世]",139.627432480931,35.6771411057286,1
1311518500,13115,"[旧石器時代][縄文時代（早期〜後期）][弥生時代][中世][近世]",139.649241505493,35.6784291440134,1
1311600100,13116,"[縄文時代（前期〜晩期）][弥生時代][平安時代][近世]",139.7105424,35.74290873,1
1311600200,13116,"[縄文時代（前期）][古墳時代][奈良時代][平安時代][中世]",139.7141473,35.74416267,1
1311600500,13116,"[縄文時代（早期〜後期）][弥生時代（後期）][古墳時代][中世][近世]",139.7413728,35.73716819,1
1320200100,13202,"[縄文時代（早期〜前期）]",139.3588667,35.73631785,1
1320201800,13202,"[旧石器時代][縄文時代（早期〜後期）][奈良時代][平安時代]",139.4234894,35.69047063,1
1320202100,13202,"[縄文時代（前期〜中期）][奈良時代][平安時代]",139.4059507,35.69256461,1
1320300300,13203,"[旧石器時代][縄文時代（早期〜後期）]",139.5731,35.70024,1
1320300400,13203,"[旧石器時代] [縄文時代（早期〜中期）]",139.5804,35.70076,1
1320300500,13203,"[旧石器時代] [縄文時代（早期〜後期）] [平安時代]",139.5852,35.69714,1
1320400100,13204,"[旧石器時代][縄文時代（早期〜後期）][奈良時代][平安時代][近世]",139.5281783,35.6866886,1
1320400300,13204,"[旧石器時代][縄文時代（早期〜後期）]",139.5313359,35.68085111,1
1320400600,13204,"[旧石器時代][縄文時代（早期〜後期）][古墳時代][近世]",139.5331371,35.67883908,1
1320400800,13204,"[縄文時代（前期〜中期）][近世]",139.5311942,35.67851858,1
1320401200,13204,"[旧石器時代][縄文時代（早期〜中期）][奈良時代][平安時代][近世]",139.5359284,35.67582296,1
1320401400,13204,"[旧石器時代][縄文時代（早期〜晩期）][古墳時代][奈良時代][平安時代][中世][近世]",139.5358014,35.67239775,1
1320401500,13204,"[旧石器時代][縄文時代（早期〜中期）][奈良時代][平安時代]",139.5373271,35.66874042,1
1320401800,13204,"[旧石器時代][縄文時代（草創期〜中期）][近世]",139.5407709,35.67571175,1
1320402000,13204,"[旧石器時代][縄文時代（早期〜中期）][近世]",139.5404034,35.66997304,1
1320402500,13204,"[縄文時代（前期〜中期）][平安時代][近世]",139.5652209,35.67565823,1
1320402600,13204,"[旧石器時代][縄文時代（前期〜中期）][奈良時代][平安時代][中世][近世]",139.571823380309,35.6774360619802,1
1320402700,13204,"[旧石器時代][縄文時代（早期〜中期）][古墳時代][奈良時代][平安時代][中世][近世]",139.571480058865,35.6746948638498,1
1320402800,13204,"[旧石器時代][縄文時代（前期〜後期）][中世][近世]",139.531342084976,35.6733467630983,1
1320403000,13204,"[旧石器時代][縄文時代（草創期〜後期）][古墳時代][近世]",139.57930990106,35.6736343807408,1
1320403100,13204,"[旧石器時代][縄文時代（早期〜中期）][弥生時代][古墳時代][奈良時代][平安時代][中世][近世]",139.576872061371,35.6710462028253,1
1320403700,13204,"[縄文時代（前期〜後期）][近世]",139.566812702979,35.6704604933254,1
1320403800,13204,"[旧石器時代][縄文時代（前期〜中期）][奈良時代][平安時代][中世][近世]",139.566847035385,35.667978155259,1
1320404100,13204,"[旧石器時代][縄文時代（前期〜中期）]",139.571138569809,35.6660535938188,1
1320404200,13204,"[旧石器時代][縄文時代（前期〜中期）][古墳時代]",139.571104238058,35.6648820972567,1
1320404300,13204,"[旧石器時代][縄文時代（早期〜後期）][弥生時代][古墳時代][奈良時代][平安時代][近世]",139.575636098671,35.664854205792,1
1320404800,13204,"[旧石器時代][縄草][縄文時代（早期〜後期）][弥生時代][古墳時代][奈良時代][平安時代][中世][近世]",139.575481754201,35.6984233956942,1
1320405000,13204,"[縄文時代（早期〜後期）][奈良時代][平安時代]",139.57791934523,35.6990088988769,1
1320405100,13204,"[縄文時代（早期〜後期）]",139.582760196846,35.6967783859344,1
1320405200,13204,"[旧石器時代][縄文時代（草創期〜中期）]",139.585678441564,35.6932094364653,1
1320405500,13204,"[縄文時代（早期〜中期）][近世]",139.588596686282,35.687632631074,1
1320500200,13205,"[縄文時代（早期〜前期）]",139.217234301109,35.8372066924572,1
1320500700,13205,"[縄文時代（前期）]",139.243876143996,35.8210899702837,1
1320500900,13205,"[旧石器時代][縄文時代（早期〜後期）][奈良時代][平安時代]",139.267499709718,35.8337383417722,1
1320501000,13205,"[縄文時代（前期）][平安時代][中世][近世]",139.275670792309,35.8382472952626,1
1320501800,13205,"[縄文時代（前期〜後期）]",139.287893086408,35.8234669965174,1
1320501900,13205,"[縄文時代（前期〜中期）]",139.292733937369,35.8238010463515,1
1320502000,13205,"[縄文時代（前期）]",139.288099080191,35.8257774700772,1
1320502600,13205,"[縄文時代（前期〜中期）]",139.177419221253,35.8005514495198,1
1320502700,13205,"[縄文時代（前期）][平安時代]",139.183839355703,35.8052015065726,1
1320502800,13205,"[縄文時代（早期〜後期）][平安時代]",139.184937988778,35.807150551674,1
1320503000,13205,"[縄文時代（前期〜中期）]",139.193315063187,35.8058976001304,1
1320503100,13205,"[縄文時代（早期〜前期・後期）]",139.206876309674,35.8068442772814,1
1320503300,13205,"[縄文時代（早期〜中期）][奈良時代][平安時代]",139.210687192374,35.807623886848,1
1320503400,13205,"[縄文時代（前期〜中期）][奈良時代][平安時代]",139.210755857186,35.8111877077629,1
1320503800,13205,"[縄文時代（早期〜後期）][平安時代]",139.21442941157,35.8028904363126,1
1320504000,13205,"[縄文時代（前期〜後期）][奈良時代][平安時代]",139.217416319136,35.8010248213646,1
1320504400,13205,"[縄文時代（前期〜中期）]",139.220059904603,35.7975162356086,1
1320504900,13205,"[縄文時代（前期）]",139.213571104685,35.8001894551016,1
1320505100,13205,"[縄文時代（前期）][奈良時代][平安時代]",139.212506802053,35.7930049696682,1
1320505300,13205,"[縄文時代（前期〜後期）][奈良時代][平安時代]",139.220162900513,35.7946758391833,1
1320505800,13205,"[縄文時代（早期〜前期）]",139.226068053942,35.780333067377,1
1320505900,13205,"[縄文時代（早期〜中期）][奈良時代][平安時代]",139.227887664276,35.7793860743306,1
1320506000,13205,"[縄文時代（早期〜後期）][奈良時代][平安時代]",139.232865844863,35.7784669217334,1
1320506400,13205,"[縄文時代（早期〜後期）][奈良時代][平安時代]",139.237706695824,35.7864603974994,1
1320506600,13205,"[縄文時代（前期〜中期）]",139.239560639219,35.788883346308,1
1320506800,13205,"[旧石器時代][縄文時代（早期〜後期）][奈良時代][平安時代]",139.246564423922,35.7903315118991,1
1320507200,13205,"[縄文時代（前期〜後期）][奈良時代][平安時代]",139.250855958346,35.78565273343,1
1320507300,13205,"[縄文時代（前期）][奈良時代][平安時代]",139.260259410054,35.7918885521054,1
1320507600,13205,"[縄文時代（早期〜後期）]",139.242513214378,35.7834803474012,1
1320508000,13205,"[縄文時代（前期〜中期）][平安時代]",139.25559022047,35.7842298419753,1
1320508600,13205,"[縄文時代（前期）][弥生時代]",139.267366191976,35.7880175124864,1
1320508700,13205,"[縄文時代（前期・後期）][奈良時代][平安時代]",139.263349314839,35.7908859988097,1
1320508800,13205,"[縄文時代（前期〜後期）]",139.27172638974,35.783422154444,1
1320509200,13205,"[縄文時代（前期〜後期）]",139.274541636911,35.7808040732271,1
1320509500,13205,"[縄文時代（早期〜後期）][奈良時代][平安時代]",139.2862536642,35.7640721005247,1
1320509600,13205,"[縄文時代（前期）]",139.265203257579,35.792501216098,1
1320509700,13205,"[縄文時代（早期〜前期）][奈良時代][平安時代]",139.267125865787,35.791999945427,1
1320509900,13205,"[縄文時代（早期〜中期）][奈良時代][平安時代]",139.272069712002,35.7925569128801,1
1320510300,13205,"[縄文時代（前期〜中期）]",139.276292585706,35.7974023640963,1
1320510900,13205,"[旧石器時代][縄文時代（早期〜後期）][弥生時代（中期〜後期）][古墳時代][奈良時代][平安時代][中世]",139.282403730464,35.7959543308157,1
1320511100,13205,"[縄文時代（前期〜後期）][古墳時代][奈良時代][平安時代][中世]",139.285665297281,35.7965669623982,1
1320511500,13205,"[縄文時代（前期〜後期）][古墳時代][奈良時代][平安時代]",139.289716504369,35.7990174481292,1
1320511600,13205,"[旧石器時代][縄文時代（前期〜中期）]［弥生時代（後期）］[古墳時代][奈良時代][平安時代][中世]",139.293115400648,35.7965391170108,1
1320511700,13205,"[縄文時代（前期）]",139.280172133218,35.8053939298981,1
1320512200,13205,"[縄文時代（前期〜中期）][奈良時代][平安時代][中世]",139.283124708378,35.8038625074754,1
1320512300,13205,"[縄文時代（前期）]",139.283708357322,35.803027173709,1
1320512400,13205,"[旧石器時代][縄文時代（早期〜前期）]［平安時代］",139.284875655209,35.8044750791379,1
1320512600,13205,"[縄文時代（前期〜後期）][古墳時代][奈良時代][平安時代]",139.287519240676,35.8021082966323,1
1320512700,13205,"[縄文時代（前期）]",139.28937318096,35.8028322623481,1
1320513400,13205,"[縄文時代（前期）][古墳時代][奈良時代][平安時代]",139.298436902187,35.7979036020142,1
1320514000,13205,"[旧石器時代][縄文時代（前期〜後期）][古墳時代][奈良時代][平安時代]",139.30245377736,35.8087907967677,1
1320514100,13205,"[縄文時代（前期）]",139.308221599364,35.81087896211,1
1320514400,13205,"[旧石器時代][縄文時代（早期〜後期）][奈良時代][平安時代][中世]",139.312684795165,35.8102942809453,1
1320514500,13205,"[縄文時代（前期〜後期）]",139.313955088306,35.8104056495227,1
1320515800,13205,"[縄文時代（前期〜後期）][古墳時代][奈良時代][平安時代][中世][近世]",139.308564922118,35.8073429689499,1
1320516300,13205,"[縄文時代（前期）]",139.207974945368,35.8023335386406,1
1320516600,13205,"[縄文時代（前期）][古墳時代]",139.263452312058,35.7969568204321,1
1320517000,13205,"[縄文時代（前期）]",139.185040985342,35.8052293510481,1
1320517100,13205,"[縄文時代（早期〜前期）][奈良時代][平安時代]",139.185693299098,35.8062874094544,1
1320517700,13205,"[縄文時代（前期）][奈良時代][平安時代]",139.211270843282,35.8046446282898,1
1320600100,13206,"[旧石器時代][縄文時代（前期〜後期）][奈良時代][平安時代][中世][近世]",139.470458,35.69050485,1
1320600300,13206,"［縄文時代（前期〜中期）］［奈良時代］［平安時代］[中世]［近世］",139.457327,35.67054776,1
1320601800,13206,"[旧石器時代][縄文時代（早期〜後期）][弥生時代]",139.517895555656,35.6906828099053,1
1320701100,13207,"[縄文時代（前期〜中期）]",139.3478148,35.71264618,1
1320701500,13207,"[縄文時代（早期〜前期）]",139.3396437,35.69471973,1
1320701600,13207,"[縄文時代（早期〜前期）]",139.3454459,35.69296311,1
1320702200,13207,"[縄文時代（前期〜後期）][古墳時代][平安時代]",139.3790943,35.69852683,1
1320702600,13207,"[縄文時代（早期〜後期）][平安時代]",139.343887,35.718903,1
1320703000,13207,"[縄文時代（前期）]",139.3381331,35.70815797,1
1320704800,13207,"[縄文時代（前期）][奈良時代][平安時代]",139.3795063,35.70383438,1
1320800500,13208,"[旧石器時代][縄文時代（早期〜中期）][弥生時代][古墳時代][近世]",139.584402,35.66485111,1
1320801700,13208,"[旧石器時代][縄文時代（草創期・前期〜中期）][弥生時代]",139.5485285,35.67118026,1
1320802100,13208,"[縄文時代（早期〜中期）][古墳時代][奈良時代]",139.5545693,35.66449814,1
1320802200,13208,"[旧石器時代][縄文時代（早期〜中期）][弥生時代][奈良時代][平安時代][中世]",139.5463482,35.66730348,1
1320802300,13208,"[縄文時代（早期〜中期）][弥生時代][古墳時代][奈良時代][平安時代][中世]",139.5504021,35.66519745,1
1320802700,13208,"[旧石器時代][縄文時代（早期〜後期）][弥生時代]",139.5248308,35.68457177,1
1320803600,13208,"[旧石器時代][縄文時代（草創期〜中期）][古墳時代][奈良時代][平安時代][中世][近世]",139.5582019,35.653348,1
1320803700,13208,"[縄文時代（前期〜中期）][古墳時代]",139.5663076,35.64808642,1
1320803800,13208,"[旧石器時代][縄文時代（前期〜晩期）][古墳時代][奈良時代][平安時代][近世]",139.5229111,35.65969456,1
1320803900,13208,"[縄文時代（早期〜前期・後期〜晩期）][古墳時代][平安時代][中世]",139.528214,35.655678,1
1320804500,13208,"[旧石器時代][縄文時代（早期〜晩期）][古墳時代][奈良時代][平安時代][中世][近世]",139.5445643,35.64632794,1
1320804600,13208,"[縄文時代（早期〜晩期）][古墳時代][奈良時代][平安時代][近世]",139.5495276,35.64537974,1
1321000100,13210,"[旧石器時代][縄文時代（早期〜後期）]",139.4939,35.69959,1
1321000200,13210,"[旧石器時代][縄文時代（草創期〜後期）]",139.4983,35.69911,1
1321000400,13210,"[旧石器時代][縄文時代（草創期〜後期）]",139.5062,35.69861,1
1321000500,13210,"[旧石器時代][縄文時代（早期〜後期）]",139.5119,35.69695,1
1321000800,13210,"[旧石器時代][縄文時代（前期〜後期）][近世]",139.4948,35.69673,1
1321000900,13210,"[旧石器時代][縄文時代（早期〜後期）]",139.4985,35.69394,1
1321001000,13210,"[縄文時代（前期〜中期）]",139.502,35.69305,1
1321001200,13210,"[旧石器時代][縄文時代（草創期〜後期）][近世]",139.5071,35.69322,1
1321001600,13210,"[旧石器時代][縄文時代（草創期〜後期）][古墳時代][中世][近世]",139.5142,35.69129,1
1321001900,13210,"[旧石器時代][縄文時代（前期〜後期）][古墳時代][中世][近世]",139.5198,35.69087,1
1321100300,13211,"[旧石器時代][縄文時代（前期〜中期）][近世]",139.499,35.71788,1
1321200100,13212,"[旧石器時代][縄文時代（草創期〜後期）][古墳時代][奈良時代][中世]",139.3793835,35.68263916,1
1321200400,13212,"[縄文時代（前期〜後期）][平安時代][中世][近世]",139.3917138,35.68405216,1
1321200600,13212,"[旧石器時代][縄文時代（早期〜中期）][弥生時代][古墳時代][奈良時代][平安時代][近世]",139.3932299,35.67174888,1
1321201300,13212,"[縄文時代（前期〜中期）][古墳時代][奈良時代][平安時代]",139.3902031,35.67769384,1
1321201700,13212,"[縄文時代（前期〜中期）][平安時代][中世]",139.3978648,35.66526407,1
1321203400,13212,"[縄文時代（前期〜後期）]",139.4098767,35.65255204,1
1321203500,13212,"[縄文時代（前期）][平安時代]",139.4125203,35.65528592,1
1321204200,13212,"[縄文時代（前期〜中期）][古墳時代]",139.4267706,35.64665921,1
1321204700,13212,"[縄文時代（前期〜中期）][古墳時代][奈良時代][平安時代][中世][近世]",139.3907818,35.68010143,1
1321205100,13212,"[旧石器時代][縄文時代（早期〜前期・後期）][平安時代][中世]",139.382675,35.670509,1
1321500800,13215,"[旧石器時代][縄文時代（早期〜後期）][奈良時代][平安時代][近世]",139.423645,35.686913,1
1321501300,13215,"[縄文時代（早期〜後期）][奈良時代][平安時代][中世][近世]",139.4324542,35.68022068,1
1321800100,13218,"[縄文時代（前期〜後期）]",139.3202321,35.75024378,1
1321800400,13218,"[縄文時代（前期〜後期）]［近世？］",139.3253133,35.74358422,1
1321801300,13218,"[縄文時代（前期〜中期）][平安時代]",139.3390456,35.72968826,1
1321903600,13219,"[縄文時代（早期〜前期）][弥生時代][古墳時代][奈良時代][平安時代][中世][近世]",139.5796233,35.62964658,1
1322300600,13223,"[縄文時代（早期〜後期）][古墳時代]",139.3810201,35.76264685,1
1322300700,13223,"[縄文時代（早期〜後期）]",139.3829801,35.76041659,1
1322300800,13223,"[縄文時代（早期〜後期）][弥生時代][古墳時代][奈良時代][平安時代][近世？]",139.3851431,35.76217173,1
1322301300,13223,"[旧石器時代][縄文時代（早期〜晩期）][弥生時代（後期）][古墳時代][平安時代]",139.387821,35.75868928,1
1322301800,13223,"[旧石器時代][縄文時代（草創期〜晩期）][弥生時代（後期）][古墳時代][平安時代][中世]",139.3980655,35.75746344,1
1322302700,13223,"[縄文時代（前期）]",139.3747757,35.7530892,1
1322303900,13223,"[縄文時代（前期〜中期）]",139.3786512,35.76796769,1
1322700800,13227,"[縄文時代（前期）]",139.3188109,35.75217143,1
1322800300,13228,"[縄文時代（早期〜前期）][平安時代]",139.1847995,35.73475137,1
1322800400,13228,"[縄文時代（早期〜中期）]",139.1892283,35.73154642,1
1322801100,13228,"[縄文時代（前期〜中期）]",139.2176469,35.73197144,1
1322801800,13228,"[縄文時代（早期〜中期）]",139.2262643,35.73353211,1
1322801900,13228,"[縄文時代（早期〜後期）][平安時代]",139.2286675,35.7281811,1
1322803300,13228,"[縄文時代（早期〜中期）][奈良時代][平安時代][中世]",139.2512925,35.72065562,1
1322803400,13228,"[縄文時代（早期〜後期）][古墳時代][奈良時代][平安時代][中世][近世]",139.2577813,35.73277965,1
1322803800,13228,"[縄文時代（早期〜中期）][平安時代]",139.2567513,35.72104585,1
1322804000,13228,"[縄文時代（前期〜中期）]",139.2570946,35.71934556,1
1322804200,13228,"[縄文時代（前期〜後期）][古墳時代]",139.2873744,35.75373129,1
1322804300,13228,"[縄文時代（前期）][古墳時代]",139.2879237,35.7515023,1
1322804800,13228,"[縄文時代（前期〜後期）]",139.2984723,35.7409939,1
1322804900,13228,"[縄文時代（前期〜後期）][古墳時代][奈良時代][平安時代]",139.3028325,35.74060377,1
1322805300,13228,"[縄文時代（前期）]",139.2993199,35.75091892,1
1322805400,13228,"[縄文時代（前期）]",139.3045384,35.74785395,1
1322805700,13228,"[縄文時代（前期）][古墳時代][平安時代]",139.3081947,35.74544368,1
1322806100,13228,"[縄文時代（前期）]",139.3124283,35.74213641,1
1322806200,13228,"[縄文時代（前期）]",139.3129948,35.73929404,1
1322806300,13228,"[縄文時代（前期〜中期）][古墳時代]",139.3109349,35.73731546,1
1322806800,13228,"[縄文時代（前期〜後期）][古墳時代][奈良時代][平安時代][中世][近世]",139.2994743,35.73449207,1
1322807500,13228,"[縄文時代（前期〜中期）][弥生時代][古墳時代]",139.2811787,35.72528945,1
1322807600,13228,"[縄文時代（前期）][古墳時代]",139.2854625,35.72481759,1
1322808800,13228,"[縄文時代（前期〜晩期）][古墳時代]",139.309671,35.72412427,1
1322808900,13228,"[旧石器時代][縄文時代（草創期〜後期）][弥生時代][古墳時代][平安時代][中世][近世]",139.3154045,35.72418002,1
1322809100,13228,"[旧石器時代][縄文時代（草創期〜後期）][弥生時代][古墳時代][奈良時代][平安時代][中世][近世]",139.3128296,35.72886241,1
1322809900,13228,"[縄文時代（前期）]",139.303528,35.714668,1
1322810000,13228,"[縄文時代（前期）]",139.303528,35.714668,1
1322810100,13228,"[縄文時代（前期〜中期）][古墳時代]",139.2850645,35.73818544,1
1322810800,13228,"[縄文時代（早期〜後期）][古墳時代][中世][近世]",139.2935531,35.73898662,1
1322811100,13228,"[縄文時代（早期〜前期）][奈良時代][平安時代][近世]",139.2694199,35.73264031,1
1322900300,13229,"[旧石器時代][縄文時代(前期)][弥生時代]",139.5646,35.75364,1
1322900700,13229,"[旧石器時代][縄文時代(早期〜後期)][弥生時代（後期）][古墳時代][平安時代][近世]",139.5611,35.7257,1
1322900800,13229,"[旧石器時代][縄文時代(早期〜中期)][平安時代][近世]",139.5576,35.72376,1
1322901100,13229,"[旧石器時代][縄文時代(草創期〜後期)][中世][近世]",139.5642,35.72665,1
1330300100,13303,"[旧石器時代][縄文時代（前期）]",139.3442205,35.77458789,1
1330300200,13303,"[旧石器時代][縄文時代（前期〜中期）][弥生時代][古墳時代][平安時代]",139.3498167,35.77550709,1
1330300500,13303,"[縄文時代（早期〜前期）]",139.3568811,35.77251852,1
1330300700,13303,"[縄文時代（早期〜前期）]",139.3581251,35.77199737,1
1330300800,13303,"[縄文時代（早期〜前期）]",139.3597902,35.77082322,1
1330300900,13303,"[旧石器時代][縄文時代（早期〜中期）]",139.3661932,35.77542352,1
1330301000,13303,"[縄文時代（前期）]",139.3634466,35.77762398,1
1330302100,13303,"[縄文時代（前期〜中期）][奈良時代][平安時代][近世]",139.3649965,35.77744102,1
1330500900,13305,"[縄文時代（早期〜後期）][弥生時代]",139.2547562,35.73861047,1
1330501000,13305,"[縄文時代（早期〜後期）][古墳時代][奈良時代][平安時代][中世][近世]",139.2589104,35.73529421,1
1330501700,13305,"[旧石器時代][縄文時代（前期）][古墳時代][奈良時代][平安時代][中世][近世]",139.2759392,35.73964155,1
1330502400,13305,"[縄文時代（草創期〜後期）][奈良時代][平安時代][近世]",139.2705147,35.7337057,1
1330700300,13307,"[縄文時代（早期〜前期）]",139.0730444,35.7416383,1
1330700400,13307,"[縄文時代（早期〜中期）]",139.0948646,35.74182518,1
1330700600,13307,"[縄文時代（早期〜前期）]",139.0417998,35.72828461,1
1330701300,13307,"[縄文時代（前期〜後期）]",139.1229818,35.73855867,1
1330702300,13307,"[縄文時代（前期〜中期）]",139.1575337,35.70161329,1
1330702900,13307,"[縄文時代（前期〜後期）]",139.1267739,35.70396177,1
1330703200,13307,"[縄文時代（早期〜中期）][中世]",139.1059035,35.72042181,1
1330703300,13307,"[縄文時代（前期〜中期）]",139.0688215,35.74127604,1
1330800400,13308,"[縄文時代（早期〜前期）]",139.011704439422,35.7763459272917,1
1330800800,13308,"[縄文時代（前期）]",139.023988547202,35.7770979828599,1
1330800900,13308,"[縄文時代（前期）]",139.024434865538,35.779632627971,1
1330801000,13308,"[縄文時代（前期〜中期）]",139.034940540956,35.7801061233733,1
1330801500,13308,"[縄文時代（前期・後期）]",139.04901677845,35.7835040711813,1
1330801700,13308,"[縄文時代（前期）]",139.078851523015,35.7867626249957,1
1330802300,13308,"[縄文時代（前期〜中期）][平安時代]",139.093614396849,35.8046961967873,1
1330802400,13308,"[縄文時代（早期〜後期）][平安時代][中世]",139.112050828995,35.8111557464705,1
1330803100,13308,"[縄文時代（前期〜中期）][平安時代?]",139.134255234391,35.8122067662148,1
1330803300,13308,"[縄文時代（前期〜後期）][奈良時代][平安時代]",139.139748398453,35.8138772312076,1
1330803400,13308,"[縄文時代（前期〜中期）]",139.146477525216,35.814712450061,1
1330803500,13308,"[縄文時代（早期〜中期）][平安時代]",139.150631730014,35.8149351746667,1
1330804900,13308,"[縄文時代（前期）]",139.163283175591,35.8247641845735,1
