JASID,自治体コード,遺跡番号,種類,所在地（代表地番）,時代,名称・備考,旧市番号,地図,経度,緯度
14131000100,14131,川崎区No.1,散布地,川崎区駅前本町11-2,古墳　近世,商工会議所,六郷橋?1,31,139.6993456,35.53167462
14131000200,14131,川崎区No.2,その他の墓,川崎区中島2-3,中世,板碑,川崎-1,24,139.7155829,35.52931368
14131000300,14131,川崎区No.3,その他の遺跡,川崎区砂子2丁目（新川通）,近世,小土呂橋,—,31,139.7002493,35.5280843
14131000400,14131,川崎区No.4,貝塚,川崎区小田1丁目,古墳　近世,小田貝塚,—,32,139.7003724,35.51470437
14131000500,14131,川崎区No.5,貝塚,川崎区渡田2-14-8ほか,奈良　平安,渡田貝塚,—,25,139.7065694,35.52068445
14131000600,14131,川崎区No.6,貝塚,川崎区大島2-10-6ほか,奈良　平安,大島貝塚,—,25,139.7148048,35.5215437
14131000700,14131,川崎区No.7,その他の墓,川崎区大島4-23,近世,了延庵内,—,25,139.7158602,35.52282541
14131000800,14131,川崎区No.8,都市遺跡,川崎区本町1-8-4ほか,近世,旧東海道川崎宿跡,—,24,139.7029763,35.53242898
14132000100,14132,幸区No.1,古墳 その他の墓,幸区塚越2-180,古墳　中世,塚越古墳・板碑,小向-1,30,139.680023,35.546993
14132000200,14132,幸区No.2,横穴墓,幸区南加瀬1-7-17付近,古墳,南加瀬横穴墓群,夢見ヶ崎-3,37,139.6681877,35.54636732
14132000300,14132,幸区No.3,集落跡,幸区南加瀬1-2ほか,縄文　弥生,加瀬台遺跡,夢見ヶ崎-2,37,139.6649776,35.55023613
14132000400,14132,幸区No.4,古墳,幸区北加瀬1-30ほか,縄文　弥生　古墳　中世,加瀬台古墳群,夢見ヶ崎-1・6,37,139.6658874,35.54914674
14132000500,14132,幸区No.5,古墳,幸区南加瀬2-1,古墳　中世,白山古墳,夢見ヶ崎-5,37,139.6610809,35.5502082
14132000600,14132,幸区No.6,古墳,幸区南加瀬2-4,古墳,第六天古墳,夢見ヶ崎-4,37,139.6602054,35.55027803
14132000700,14132,幸区No.7,その他の墓,幸区南加瀬2-11ほ,中世,越路遺跡,夢見ヶ崎-7,37,139.6613384,35.54980317
14132000800,14132,幸区No.8,散布地,幸区南加瀬2-2,弥生　奈良　平安,,夢見ヶ崎-8,37,139.6649605,35.54896517
14132000900,14132,幸区No.9,散布地,幸区矢上地,旧石器,,夢見ヶ崎-9,37,139.6573559,35.55181432
14132001000,14132,幸区No.10,横穴墓,幸区南加瀬1-2ほか,古墳,夢見ヶ崎横穴墓,夢見ヶ崎-6,37,139.6657329,35.54984507
14132001100,14132,幸区No.11,古墳,幸区塚越1-64（御嶽神社）,古墳,御嶽神社古墳,—,30,139.6788071,35.54656635
14133000100,14133,中原区No.1,古墳,中原区丸子通1-408,古墳,上丸子古墳,丸子橋-1,34,139.6653748,35.58416175
14133000200,14133,中原区No.2,散布地,中原区宮内3-8,弥生,,宮内-2,40,139.6435748,35.59043619
14133000300,14133,中原区No.3,古墳,中原区田尻町2067,古墳,銚子塚古墳,市ノ坪-1,36,139.6706639,35.56105593
14133000400,14133,中原区No.4,散布地,中原区井田2-4ほか,縄文　弥生　古墳,,井田-1,42,139.646378,35.559574
14133000500,14133,中原区No.5,散布地,中原区井田2-27ほか,縄文　弥生,,井田-3,42,139.6398777,35.56159399
14133000600,14133,中原区No.6,横穴墓,中原区井田2-33付近,古墳,井田横穴墓群,井田-2,42,139.640396,35.562023
14133000700,14133,中原区No.7,古墳,中原区井田3-3,古墳,井田古墳,井田-11,42,139.6380978,35.56063185
14133000800,14133,中原区No.8,集落跡,中原区井田3-34ほか,縄文　弥生　古墳　奈良　平安　中世,井田西遺跡、井田中原遺跡,井田-4,42,139.6378521,35.5606025
14133000900,14133,中原区No.9,古墳,中原区宮内1-7,古墳,黄金塚古墳,宮内-3,40,139.6421072,35.59353679
14133001000,14133,中原区No.10,集落跡,中原区井田3-13ほか,縄文　弥生　古墳,井田いりの上遺跡（神庭遺跡・東神庭遺跡）・井田伊勢台遺跡,井田-8,42,139.6361184,35.56431702
14133001100,14133,中原区No.11,集落跡,中原区井田3-1485ほか　高津区蟹ヶ谷字池ノ里,縄文　弥生　古墳,井田中原遺跡,井田-13,42,139.6344532,35.56205482
14133001200,14133,中原区No.12,横穴墓,中原区井田3-9付近,古墳,,井田-9,42,139.6372685,35.56451251
14133001300,14133,中原区No.13,横穴墓,中原区井田3-4ほか,古墳,井田伊勢宮前横穴墓群・井田金堀横穴墓群,井田-10,42,139.6403069,35.56300439
14133001400,14133,中原区No.14,散布地,中原区宮内4-9ほか,奈良　近世,,宮内-1,40,139.6448846,35.58645804
14133001500,14133,中原区No.15,散布地,中原区宮内1-7,古墳,五領式壺出土,宮内-4,40,139.6424806,35.59389274
14133001600,14133,中原区No.16,その他の墓,中原区井田2-35ほか,中世,井田平台経塚,井田-16,42,139.6398611,35.56065653
14133001700,14133,中原区No.17,横穴墓,中原区井田2-2,古墳,,井田-17,42,139.6472077,35.55977858
14133001800,14133,中原区No.18,城館跡,中原区小杉御殿町1丁目ほか,中世　近世,小杉御殿町遺跡・小杉陣屋町遺跡,—,34,139.6546049,35.58295396
14133001900,14133,中原区No.19,散布地,中原区宮内1-7付近,古墳,宮内上河原耕地遺跡,—,40,139.6425664,35.59374967
14133002000,14133,中原区No.20,散布地,中原区小杉町2丁目付近,中世　近世,小杉町遺跡,—,40,139.6567905,35.58065092
14134000100,14134,高津区No.1,古墳,高津区諏訪3-1,古墳,諏訪天神塚古墳,高津-2,46,139.6261757,35.60240047
14134000200,14134,高津区No.2,古墳,高津区諏訪3-19,古墳,諏訪浅間塚古墳,高津-1,46,139.6270769,35.60178634
14134000300,14134,高津区No.3,古墳,高津区二子6-5,古墳,二子塚古墳,高津-3,46,139.6214275,35.60043943
14134000400,14134,高津区No.4,横穴墓,高津区溝口2-31,古墳,七面山北横穴墓・溝口西耕地横穴墓群,津田山-7,51,139.6086354,35.60347283
14134000500,14134,高津区No.5,古墳,高津区溝口2-28,古墳,宗隆寺古墳群,津田山-8,51,139.6087888,35.60237369
14134000600,14134,高津区No.6,横穴墓,高津区下作延1-10,古墳,七面山南横穴墓群,津田山-30,51,139.6085152,35.60202824
14134000700,14134,高津区No.7,横穴墓,高津区下作延1-13,古墳,,津田山-29,51,139.6074037,35.60266331
14134000800,14134,高津区No.8,横穴墓,高津区久地1-1,古墳,法泉坊横穴,津田山-27,51,139.6074763,35.60454043
14134000900,14134,高津区No.9,横穴墓 集落跡,高津区久地1-1,弥生　古墳,久地西前田横穴墓群,津田山-41,51,139.6065772,35.60471489
14134001000,14134,高津区No.10,横穴墓,高津区久地1-31,古墳,西前田横穴墓群（久地浄元寺裏横穴墓群）,津田山-2,51,139.6055834,35.6062565
14134001100,14134,高津区No.11,横穴墓,高津区久地1-28,古墳,浄元寺裏横穴墓,津田山-25,51,139.6050169,35.60674498
14134001200,14134,高津区No.12,横穴墓,高津区久地1-39,古墳,久地神社裏横穴墓群,津田山-l,50,139.6044761,35.60762861
14134001300,14134,高津区No.13,集落跡,高津区久地1-27,古墳,久地不動台遺跡,津田山-26,51,139.6042187,35.60586048
14134001400,14134,高津区No.14,横穴墓,高津区下作延7-29,古墳,津田山坂下横穴墓群,津田山-41,51,139.6064055,35.60401704
14134001500,14134,高津区No.15,横穴墓,高津区下作延7-27,古墳,,津田山-28,51,139.6055966,35.60394028
14134001600,14134,高津区No.16,横穴墓,高津区下作延7-8,古墳,,津田山-6,51,139.605469,35.602886
14134001700,14134,高津区No.17,古墳,高津区下作延7-12,古墳,日向古墳,津田山-5,51,139.6039349,35.60363348
14134001800,14134,高津区No.18,横穴墓,高津区下作延7-12,古墳,平瀬川隧道際横穴墓・平瀬川隧道際西横穴墓,津田山-32,51,139.603516,35.604122
14134001900,14134,高津区No.19,横穴墓,高津区下作延7-12,古墳,日向横穴墓群,津田山-10,51,139.6033414,35.604598
14134002000,14134,高津区No.20,横穴墓,高津区下作延6-7,古墳,中之橋横穴墓群,津田山-33,51,139.6024827,35.60382189
14134002100,14134,高津区No.21,集落跡,高津区久地1-47,縄文　弥生,久地西前田耕地西遺跡,津田山-9,50,139.6020257,35.60748032
14134002200,14134,高津区No.22,散布地,高津区下作延6-32,古墳,,津田山-31,50,139.5986611,35.60817814
14134002300,14134,高津区No.23,集落跡,高津区下作延6-30,縄文　弥生,北の谷遺跡,津田山-l4,50,139.597319,35.60952879
14134002400,14134,高津区No.24,集落跡 古墳,高津区久地4-18,縄文　弥生　古墳,久地伊屋之免遺跡・久地伊屋之免古墳,津田山-15,50,139.591995,35.608223
14134002500,14134,高津区No.25,集落跡 古墳,高津区上作延5-7,縄文　弥生　古墳　平安,緑ヶ丘霊園内遺跡・ビシャモン塚,津田山-16,56,139.5887808,35.60728778
14134002600,14134,高津区No.26,古墳,高津区下作延1605,古墳,稲荷塚古墳,津田山-17,51,139.592603,35.60665492
14134002700,14134,高津区No.27,散布地,高津区下作延5-35,縄文,,津田山-34,51,139.5944409,35.60727599
14134002800,14134,高津区No.28,その他の墓,高津区下作延6-21,古墳,伊屋之免出土板碑,津田山-35,51,139.597473,35.60619
14134002900,14134,高津区No.29,古墳,高津区下作延1514ほか,中世,津田山古墳,津田山-36,51,139.595062,35.605125
14134003000,14134,高津区No.30,横穴墓,高津区下作延1329ほか,古墳,,津田山-37,51,139.595767,35.60200287
14134003100,14134,高津区No.31,集落跡,高津区上作延26-1,縄文　弥生　古墳,緑ヶ丘霊園内遺跡,津田山-18,51,139.591476,35.604164
14134003200,14134,高津区No.32,横穴墓,高津区上作延60,古墳,,津田山-20,57,139.5889306,35.60209533
14134003300,14134,高津区No.33,散布地,高津区下作延23付近,奈良　平安,,津田山-38,51,139.5993309,35.60159719
14134003400,14134,高津区No.34,散布地,高津区上作延139,奈良　平安,,津田山-39,51,139.5944581,35.60132767
14134003500,14134,高津区No.35,横穴墓,高津区下作延5-10,古墳,,津田山-11,51,139.5992431,35.60026689
14134003600,14134,高津区No.36,横穴墓,高津区下作延5-10,古墳,上作延横穴墓群,津田山-12,51,139.5993118,35.59971556
14134003700,14134,高津区No.37,集落跡,高津区下作延4-17,縄文　弥生　古墳　奈良　平安 中世,下作延巳ノ谷遺跡・下作延神明神社東南遺跡,津田山-13,51,139.6034538,35.59948169
14134003800,14134,高津区No.38,集落跡,高津区下作延2-31,弥生　古墳　奈良　平安,下作延遺跡,津田山-42,51,139.6049902,35.59868609
14134003900,14134,高津区No.39,散布地,高津区上作延722ほか,縄文　古墳　奈良　平安　中世,,津田山-23,57,139.5875362,35.59823646
14134004000,14134,高津区No.40,その他の墓,高津区上作延755,中世,板碑,津田山-40,57,139.589306,35.59819065
14134004100,14134,高津区No.41,集落跡,高津区上作延796ほか,縄文　弥生　古墳　奈良　平安,上作延南原遺跡,宮崎-19,57,139.5894934,35.59682616
14134004200,14134,高津区No.42,古墳,高津区上作延814ほか,古墳,上作延南原古墳,津田山-24,51,139.5914456,35.59846727
14134004300,14134,高津区No.43,散布地,高津区上作延824ほか,縄文　弥生　古墳　奈良　平安,上作延南原遺跡,宮崎-18,57,139.5912615,35.59735657
14134004400,14134,高津区No.44,散布地,高津区上作延904ほか,縄文,向ヶ丘南原遺跡,宮崎-12,51,139.593167,35.59593282
14134004500,14134,高津区No.45,散布地,高津区向ヶ丘129ほか,縄文,,宮崎-25,52,139.5939309,35.59318644
14134004600,14134,高津区No.46,散布地,高津区下作延3-27,縄文,,宮崎-16,52,139.595214,35.59144154
14134004700,14134,高津区No.47,散布地,高津区向ヶ丘28ほか,縄文　弥生,上作延神明社脇遺跡,宮崎-14,52,139.5959694,35.59359125
14134004800,14134,高津区No.48,集落跡,高津区上作延1066ほか,縄文　奈良　平安,上作延南原東遺跡,宮崎-13,51,139.5966903,35.59572693
14134004900,14134,高津区No.49,散布地,高津区下作延1118ほか,縄文　奈良　平安,上作延神明社脇遺跡,宮崎-8,51,139.5990078,35.5956013
14134005000,14134,高津区No.50,散布地,高津区下作延3-5,奈良　平安,,宮崎-9,51,139.6013123,35.59565714
14134005100,14134,高津区No.51,集落跡,高津区下作延4-51,縄文　弥生　古墳　奈良　平安,下作延巳ノ谷遺跡・上作延南谷一遺跡,宮崎-7,51,139.6028573,35.59716465
14134005200,14134,高津区No.52,集落跡,高津区末長1-6,縄文　弥生　古墳　奈良　平安,久保台遺跡,宮崎-1,51,139.606136,35.59564318
14134005300,14134,高津区No.53,散布地,高津区末長1-49,縄文　弥生,,宮崎-2,52,139.6044022,35.59381459
14134005400,14134,高津区No.54,集落跡,高津区久本1-12,縄文　弥生　奈良　平安,久本桃之園遺跡・久本梅之園遺跡,末長-2,51,139.6097623,35.59646673
14134005500,14134,高津区No.55,横穴墓,高津区久本1-13,古墳,久本桃之園横穴墓群,末長-3,51,139.6106593,35.59679999
14134005600,14134,高津区No.56,横穴墓,高津区久本1-16,古墳,久本横穴墓群,末長-4,51,139.6121742,35.59650686
14134005700,14134,高津区No.57,集落跡 貝塚,高津区末長1-1,縄文　弥生　古墳　奈良　平安,末長久保台北遺跡,末長-5,51,139.6108944,35.59494888
14134005800,14134,高津区No.58,集落跡,高津区末長2-1,縄文　弥生　平安,末長久保台遺跡,宮崎-6,52,139.6109717,35.59320751
14134005900,14134,高津区No.59,その他の墓,高津区久本2-11,平安,末長火葬墓,宮崎-15,52,139.6121357,35.59348614
14134006000,14134,高津区No.60,集落跡,高津区末長2-4,縄文　奈良　平安,末長富士見台遺跡,末長-7,48,139.6127183,35.59210376
14134006100,14134,高津区No.61,集落跡,高津区末長1-40,弥生　古墳　奈良,末長姿見台遺跡,宮崎-4,52,139.606254,35.59255901
14134006200,14134,高津区No.62,古墳,高津区梶ヶ谷2-1-6,古墳,法界塚古墳,宮崎-22,52,139.6035074,35.59109329
14134006300,14134,高津区No.63,古墳,高津区梶ヶ谷2-1-9,古墳,清水谷古墳（１号墳）,宮崎-23,52,139.6030439,35.59043022
14134006400,14134,高津区No.64,散布地,高津区梶ヶ谷2-10,古墳,,宮崎-24,52,139.603043,35.588848
14134006500,14134,高津区No.65,集落跡,高津区梶ヶ谷4-14,弥生　古墳　奈良,梶ヶ谷神明社上遺跡,宮崎-10,52,139.602127,35.586067
14134006600,14134,高津区No.66,集落跡,高津区末長1-41,縄文　古墳　奈良　平安,末長向台遺跡,宮崎-5,52,139.6068376,35.59047908
14134006700,14134,高津区No.67,散布地,高津区新作1-23,旧石器,,宮崎-21,52,139.6082817,35.58732785
14134006800,14134,高津区No.68,古墳,高津区梶ヶ谷3-17,古墳,西福寺古墳,宮崎-6,52,139.607468,35.586037
14134006900,14134,高津区No.69,集落跡,高津区新作1-9,縄文　古墳　奈良　平安,大原遺跡・新作小高台遺跡,末長-9,52,139.6106806,35.5874692
14134007000,14134,高津区No.70,集落跡,高津区末長2-25,弥生　古墳,末長遺跡,末長-8,48,139.6134607,35.58958059
14134007100,14134,高津区No.71,集落跡,高津区末長2-27,奈良　平安,薬師院裏遺跡,末長-10,48,139.6139607,35.58755119
14134007200,14134,高津区No.72,集落跡,高津区新作1-11,縄文　弥生　奈良　平安,新作小高台遺跡,末長-11,52,139.612457,35.586475
14134007300,14134,高津区No.73,集落跡,高津区新作1-19,縄文　弥生　奈良　平安,新作池ノ谷遺跡,末長-14,52,139.6103545,35.58495636
14134007400,14134,高津区No.74,散布地,高津区梶ヶ谷5-11,縄文　弥生　古墳　奈良　平安,,馬絹-1,52,139.6079856,35.58330901
14134007500,14134,高津区No.75,集落跡,高津区新作2-3ほか,縄文　弥生　古墳　奈良　平安,,千年-13,48,139.612686,35.583229
14134007600,14134,高津区No.76,集落跡 その他の墓,高津区蟹ヶ谷字池ノ里ほか,縄文　弥生　古墳,井田中原追跡,井田-13,49,139.633698,35.562927
14134007700,14134,高津区No.77,集落跡,高津区新作2-15ほか,縄文　弥生　古墳　奈良　平安,新作二丁目遺跡,千年-14,48,139.614258,35.582893
14134007800,14134,高津区No.78,古墳,高津区新作2-7,古墳,新作古墳,千年-20,48,139.613129,35.582829
14134007900,14134,高津区No.79,集落跡  貝塚,高津区新作3-13ほか,縄文　弥生,新作貝塚・新作八幡台遺跡・（仏手塚）,末長-12,48,139.616745,35.586159
14134008000,14134,高津区No.80,古墳,高津区新作3-6,古墳,新作八幡神社裏古墳,末長-13,48,139.61795,35.585133
14134008100,14134,高津区No.81,横穴墓,高津区新作3-14ほか,古墳,間際根横穴墓群,末長-1,48,139.618195,35.586067
14134008200,14134,高津区No.82,散布地,高津区千年1243ほか,弥生　古墳,,末長-17,48,139.6172981,35.58297599
14134008300,14134,高津区No.83,集落跡,高津区千年1177ほ,縄文　弥生　古墳　奈良　平安,千年-８遺跡,千年-8,48,139.6188345,35.58168461
14134008400,14134,高津区No.84,横穴墓,川崎市高津区東野川2-13,古墳,,久末-10,49,139.6142797,35.56967631
14134008500,14134,高津区No.85,集落跡,川崎市高津区東野川2-15,縄文　弥生　古墳　奈良　平安,野川南耕地遺跡,久末-8,49,139.6148247,35.56916316
14134008600,14134,高津区No.86,散布地,高津区久末465ほか,縄文　弥生,,久末-7,49,139.6182428,35.56119925
14134008700,14134,高津区No.87,散布地,高津区久末504ほか,縄文,,久末-6,49,139.6201139,35.56258871
14134008800,14134,高津区No.88,散布地,高津区久末1508ほか,縄文,,久末-3,49,139.622028,35.56290989
14134008900,14134,高津区No.89,散布地,高津区久末1580ほか,縄文　弥生,,久末-2,49,139.6252512,35.5629639
14134009000,14134,高津区No.90,散布地,高津区久末1671ほか,縄文　弥生,,久末-1,49,139.62504,35.564891
14134009100,14134,高津区No.91,散布地,高津区久末671ほか,縄文　弥生,久末伊勢原遺跡,久末-5,49,139.619659,35.567467
14134009200,14134,高津区No.92,集落跡,高津区久末1229ほか,縄文　弥生,久末谷遺跡,久末-4,49,139.6201872,35.5701831
14134009300,14134,高津区No.93,横穴墓,高津区千年390付近,古墳,,千年-3,49,139.623229,35.57967507
14134009400,14134,高津区No.94,古墳,高津区千年449,古墳,千年伊勢山台古墳,千年-4,49,139.6236904,35.57870301
14134009500,14134,高津区No.95,官衙跡 集落跡,高津区千年520ほか,縄文　弥生　古墳　奈良　平安 中世,千年蟻山遺跡・伊勢山台北遺跡・千年伊勢山台遺跡・伊勢山台東遺跡・影向寺南遺跡,千年-5,49,139.6224222,35.57739323
14134009600,14134,高津区No.96,散布地,高津区千年300,縄文　弥生　古墳　奈良　平安,下原宿遺跡,千年-6,49,139.6242998,35.57575445
14134009700,14134,高津区No.97,その他の墓,高津区子母口54,中世,,千年-19,49,139.6233041,35.57507031
14134009800,14134,高津区No.98,古墳,高津区子母口69,古墳,子母口富士見台古墳,千年-7,49,139.6253919,35.57436522
14134009900,14134,高津区No.99,集落跡,高津区子母口113ほか,縄文　古墳　奈良　平安　中世,子母口植之台遺跡,千年-23,49,139.6255529,35.57389748
14134010000,14134,高津区No.100,集落跡,高津区子母口135ほか,縄文　弥生　古墳　中世　近世,子母口植之台遺跡・蓮乗院北遺跡,千年-1,49,139.6261709,35.57233368
14134010100,14134,高津区No.101,集落跡,高津区子母口240ほか,縄文　弥生　古墳　奈良　平安,子母口貝塚・子母口根方遺跡,千年-2,49,139.6283484,35.57222184
14134010200,14134,高津区No.102,古墳,高津区明津183,古墳,明津古墳（水塚）,井田-12,49,139.6340676,35.56814996
14134010300,14134,高津区No.103,横穴墓,高津区蟹ヶ谷108ほか,古墳,蟹ヶ谷横穴墓群,井田-5・15,49,139.634664,35.566327
14134010400,14134,高津区No.104,古墳,高津区蟹ヶ谷109,古墳,蟹ヶ谷古墳群,井田-6,42,139.6354982,35.56596181
14134010500,14134,高津区No.105,散布地,高津区蟹ヶ谷97,縄文　弥生,,井田-7,42,139.6356005,35.56562045
14134010600,14134,高津区No.106,集落跡,高津区末長1-18,縄文　弥生　古墳　奈良　平安,末長久保台南遺跡,宮崎-3,52,139.608902,35.594135
14134010700,14134,高津区No.107,横穴墓,高津区久末676,古墳,久末秋谷横穴墓,久末-11,49,139.6185908,35.56835392
14134010800,14134,高津区No.108,横穴墓,高津区蟹ヶ谷111,古墳,蟹ヶ谷横穴墓群 (３号穴）,井田-14,42,139.635981,35.56616025
14134010900,14134,高津区No.109,集落跡,高津区梶ヶ谷2-14-1,古墳,鎗ヶ崎遺跡,宮崎-34,52,139.601732,35.58792401
14134011000,14134,高津区No.110,横穴墓,高津区千年1117ほか,古墳,千年Ｂ地区横穴墓,千年-25,49,139.6213064,35.57984173
14134011100,14134,高津区No.111,散布地,高津区久末308ほか,縄文,,久末-12,49,139.6129557,35.5619254
14134011200,14134,高津区No.112,横穴墓,高津区千年112,古墳,,千年-9,48,139.6203966,35.58087486
14134011300,14134,高津区No.113,古墳,高津区久本1-14,古墳,久本桃之園古墳,末長-16,51,139.6108432,35.59637713
14134011400,14134,高津区No.114,古墳,高津区末長2-25,縄文　古墳,末長久保台古墳群,末長-17,52,139.6115231,35.5931533
14134011500,14134,高津区No.115,集落跡,高津区子母口54-2,弥生,子母口富士見台遺跡,千年-27,49,139.6254713,35.57459909
14134011600,14134,高津区No.116,散布地,高津区久末2035ほか,中世　近世,久末表耕地遺跡,久末-13,49,139.6233629,35.56906605
14134011700,14134,高津区No.117,横穴墓,高津区蟹ヶ谷209,古墳,蟹ヶ谷西田原横穴墓群,久末-14,49,139.6304697,35.56489095
14134011800,14134,高津区No.118,横穴墓,高津区新作3-10-5ほか,古墳,,千年-26,48,139.614166,35.586277
14134011900,14134,高津区No.119,古墳,高津区末長1-41,古墳,末長向台１号墳,宮崎-39,52,139.6053957,35.59109329
14134012000,14134,高津区No.120,その他の墓,高津区北見方2-1,中世,板碑,高津-4,46,139.6308535,35.59983925
14134012100,14134,高津区No.121,古墳,高津区久本1-16,古墳,久本山古墳,末長-19,51,139.611818,35.59630795
14134012200,14134,高津区No.122,古墳,高津区久本2-12,古墳,末長久保台古墳群,末長-20,52,139.6122249,35.59305853
14134012300,14134,高津区No.123,その他の墓,高津区新作2-11,中世　近世,新作キシ遺跡,末長-18,48,139.616302,35.583717
14134012400,14134,高津区No.124,散布地,高津区千年1123,縄文　古墳　奈良　平安,,末長-21,48,139.6211862,35.58065149
14134012500,14134,高津区No.125,古墳,高津区梶ヶ谷5-10,縄文　古墳　奈良　平安,,千年-31,52,139.606628,35.584248
14134012600,14134,高津区No.126,その他の墓,高津区千年463付近,中世,岩川不動尊跡出土板碑,千年-32,49,139.6235788,35.57855117
14134012700,14134,高津区No.127,散布地,高津区久末1694ほか,古墳,,久末-15,49,139.6232428,35.56639904
14134012800,14134,高津区No.128,横穴墓,高津区久地1-28,古墳,津田山久地横穴墓,津田山-43,51,139.6049525,35.60579244
14134012900,14134,高津区No.129,横穴墓,高津区下作延7-12,古墳,津田山横穴墓群,津田山-44,51,139.6032865,35.60419826
14134013000,14134,高津区No.130,集落跡,高津区下作延2118,古墳,緑ヶ丘霊園内遺跡,津田山-45,51,139.5915913,35.60631037
14134013100,14134,高津区No.131,古墳,高津区梶ヶ谷2-1,古墳,清水谷古墳(２号墳）,宮崎-35,52,139.6038778,35.5907997
14134013200,14134,高津区No.132,散布地,高津区新作1-22,奈良　平安,,宮崎-36,52,139.6080199,35.58810263
14134013300,14134,高津区No.133,散布地,高津区梶ヶ谷6-3,奈良　平安,,宮崎-37,52,139.6086377,35.58445457
14134013400,14134,高津区No.134,狩場,高津区久末496ほか,縄文,,久末-16,49,139.6179768,35.56418063
14134013500,14134,高津区No.135,横穴墓,高津区蟹ヶ谷277-1,古墳,蟹ヶ谷四方之嶺横穴墓,久末-17,49,139.6314733,35.56597863
14134013600,14134,高津区No.136,古墳,高津区末長1-37,古墳,末長向台２号墳,宮崎-38,52,139.6077411,35.58932197
14134013700,14134,高津区No.137,古墳,高津区末長1-43,古墳,末長向台３号墳,宮崎-39,52,139.6062969,35.59085598
14134013800,14134,高津区No.138,散布地,高津区北野川6ほか,古墳　奈良　平安,,千年-30,49,139.6216187,35.57889084
14134013900,14134,高津区No.139,横穴墓,高津区久地1-1,古墳,久地西前田耕地横穴墓群,津田山-3,51,139.6069956,35.60492425
14134014000,14134,高津区No.140,横穴墓,高津区上作延76-1,古墳,緑ヶ丘霊園内南横穴古墳,津田山-21,57,139.590012,35.60160682
14134014100,14134,高津区No.141,横穴墓,高津区上作延88,古墳,,津田山-22,51,139.5909218,35.60145329
14134014200,14134,高津区No.142,散布地,高津区宮崎6-3,縄文,,宮崎-40,52,139.592177,35.59340514
14134014300,14134,高津区No.143,古墳,高津区末長1-38,古墳,末長向台４号墳,—,52,139.6079277,35.59054887
14134014400,14134,高津区No.144,古墳,高津区末長1-38,古墳,末長向台５号墳,—,52,139.6071209,35.59067451
14134014500,14134,高津区No.145,古墳,高津区北見方2-6,古墳,,—,46,139.6293171,35.60136761
14134014600,14134,高津区No.146,古墳,高津区末長1-41,古墳,末長向台６号墳,—,52,139.6061681,35.59120496
14134014700,14134,高津区No.147,集落跡,宮前区野川本町1-38,縄文　弥生　奈良　平安　中世,影向寺台西遺跡・三荷座前遺跡,千年-10,48,139.606949,35.578056
14134014800,14134,高津区No.148,社寺跡 集落跡 貝塚,宮前区野川本町3-4,縄文　弥生　古墳　奈良　平安 中世,影向寺遺跡・影向寺裏貝塚・影向寺台遺跡・影向寺北遺跡,千年-11,49,139.6182874,35.57945191
14134014900,14134,高津区No.149,散布地,高津区向ヶ丘167ほか,縄文　弥生,,宮崎-20,57,139.5896308,35.59552802
14134015000,14134,高津区No.150,散布地,宮前区宮崎3-3-22ほか,縄文　古墳　奈良　平安,,宮崎-15,52,139.5934631,35.59211159
14134015100,14134,高津区No.151,狩場 集落跡,高津区蟹ヶ谷字四方之嶺220付近,縄文　弥生　古墳,蟹ヶ谷四方之嶺遺跡,—,49,139.6311987,35.56643943
14136000100,14136,宮前区No.1,古墳,川崎市宮前区野川本町1-28,古墳,野川２号墳,千年-21,48,139.613862,35.58141341
14136000200,14136,宮前区No.2,集落跡,川崎市宮前区野川本町1-29,縄文　弥生　古墳　奈良　平安,野川北耕地遺跡,千年-15,48,139.6145658,35.58021275
14136000300,14136,宮前区No.3,古墳,川崎市宮前区野川本町1-30,古墳,野川古墳(1号墳）,千年-17,48,139.6145658,35.57932621
14136000400,14136,宮前区No.4,集落跡,川崎市宮前区野川本町1-38,縄文　弥生　奈良　平安　中世,影向寺台西遺跡・三荷座前遺跡,千年-10,48,139.6165853,35.57912795
14136000500,14136,宮前区No.5,社寺跡 集落跡 貝塚,川崎市宮前区野川本町3-4,縄文　弥生　古墳　奈良　平安　中世,影向寺遺跡・影向寺裏貝塚・影向寺台遺跡・影向寺北遺跡,千年-11,49,139.6188058,35.57859672
14136000600,14136,宮前区No.6,集落跡,川崎市宮前区野川本町3-10,縄文　弥生　古墳　奈良　平安,野川神明社境内遺跡,千年-12,48,139.6184797,35.57595795
14136000700,14136,宮前区No.7,集落跡,川崎市宮前区野川野川本町2-20,縄文　弥生　古墳　奈良　平安,野川東耕地遺跡,千年-18,53,139.615098,35.5746874
14136000800,14136,宮前区No.8,古墳,川崎市宮前区野川本町2-6,古墳,北根古墳,千年-22,48,139.6130102,35.57638378
14136000900,14136,宮前区No.9,集落跡 その他の墓,川崎市宮前区野川2345ほか,縄文　弥生　古墳,十三菩提遺跡,久末-9,53,139.6099919,35.56915811
14136001000,14136,宮前区No.10,集落跡,川崎市宮前区野川2290ほか,縄文　弥生　古墳　奈良　平安,十三菩提西遺跡,野川-1,54,139.6072797,35.56762214
14136001100,14136,宮前区No.11,散布地,川崎市宮前区西野川3-13,縄文　弥生　古墳　奈良　平安,,野川-2,53,139.6058034,35.56929773
14136001200,14136,宮前区No.12,散布地,川崎市宮前区西野川3-12,縄文　弥生　古墳　奈良　平安,,野川-3,53,139.6027687,35.56900108
14136001300,14136,宮前区No.13,その他の墓,川崎市宮前区野川2624,平安,,野川-7,53,139.6041383,35.56803406
14136001400,14136,宮前区No.14,その他の墓,川崎市宮前区野川2618,平安,,野川-8,53,139.6031957,35.56788227
14136001500,14136,宮前区No.15,散布地,川崎市宮前区野川2660ほか,奈良　平安,,野川-4,54,139.6013932,35.56668141
14136001600,14136,宮前区No.16,古墳,川崎市宮前区東有馬5-15ほか,古墳,有馬古墳,野川-5,54,139.5946834,35.56689261
14136001700,14136,宮前区No.17,散布地,川崎市宮前区東有馬5-14ほか,縄文　奈良　平安,東有馬遺跡,野川-6,53,139.5932929,35.56791195
14136001800,14136,宮前区No.18,古墳,川崎市宮前区西野川1-38,古墳,野川古墳（３号墳）,馬絹-17,53,139.6083272,35.57784731
14136001900,14136,宮前区No.19,散布地 その他の墓,川崎市宮前区梶ヶ谷1117ほか,縄文　奈良　平安,,馬絹-2,53,139.6050108,35.57898763
14136002000,14136,宮前区No.20,その他の墓,川崎市宮前区西野川2-16,中世,,馬絹-4,53,139.6087551,35.57380428
14136002100,14136,宮前区No.21,散布地,川崎市宮前区西野川2-14,縄文　奈良　平安,野川中耕地遺跡,馬絹-3,53,139.6080899,35.57413938
14136002200,14136,宮前区No.22,散布地,川崎市宮前区野川3119ほか,縄文　弥生　古墳　奈良　平安,,馬絹-18,53,139.6025839,35.57518051
14136002300,14136,宮前区No.23,散布地,川崎市宮前区西野川3-8,縄文　弥生　古墳　奈良　平安,,馬絹-8,53,139.6033907,35.57304427
14136002400,14136,宮前区No.24,その他の墓,川崎市宮前区西野川3-5,平安,,馬絹-26,53,139.6051245,35.57185745
14136002500,14136,宮前区No.25,散布地,川崎市宮前区西野川3-3,縄文,,馬絹-9,53,139.6014466,35.5714865
14136002600,14136,宮前区No.26,集落跡 その他の墓,川崎市宮前区野川2935ほか,縄文　奈良　平安,野川西耕地遺跡,馬絹-11,53,139.5987559,35.57326323
14136002700,14136,宮前区No.27,散布地,川崎市宮前区宮崎3-3-22ほか,縄文　古墳　奈良　平安,,宮崎-15,52,139.5878976,35.58862586
14136002800,14136,宮前区No.28,古墳,川崎市宮前区宮崎175,古墳,宮崎大塚古墳,宮崎-17,52,139.597214,35.590809
14136002900,14136,宮前区No.29,散布地,川崎市宮前区宮崎85,縄文　弥生,,宮崎-11,52,139.6002708,35.58554395
14136003000,14136,宮前区No.30,古墳,川崎市宮前区馬絹5-21,古墳,馬絹古墳,馬絹-6,52,139.6014381,35.58360344
14136003100,14136,宮前区No.31,集落跡,川崎市宮前区馬絹5-23,縄文,馬絹神社北遺跡,馬絹-5,52,139.6014381,35.58381285
14136003200,14136,宮前区No.32,その他の墓,川崎市宮前区馬絹6-19,平安,,馬絹-19,52,139.596452,35.58346392
14136003300,14136,宮前区No.33,その他の墓,川崎市宮前区馬絹1-13,平安,,馬絹-20,52,139.5958319,35.58317075
14136003400,14136,宮前区No.34,散布地,川崎市宮前区宮崎1-5ほか,縄文,,宮崎-26,52,139.5931132,35.58604661
14136003500,14136,宮前区No.35,散布地,川崎市宮前区宮崎1-11ほか,古墳,,宮崎-27,52,139.5936282,35.58425968
14136003600,14136,宮前区No.36,散布地,川崎市宮前区宮崎1-10ほか,縄文　弥生　古墳　奈良　平安,,宮崎-33,52,139.591782,35.58506
14136003700,14136,宮前区No.37,散布地,川崎市宮前区馬絹2-9,縄文　奈良　平安,,馬絹-13,52,139.5920554,35.58149893
14136003800,14136,宮前区No.38,散布地,川崎市宮前区馬絹1-15,古墳,,有馬-7,58,139.5872942,35.58142913
14136003900,14136,宮前区No.39,集落跡,川崎市宮前区小台2-10,縄文　古墳,小台遺跡,有馬-6,58,139.5840513,35.58271904
14136004000,14136,宮前区No.40,散布地,川崎市宮前区馬絹1-35,縄文,,馬絹-22,59,139.5883475,35.58003301
14136004100,14136,宮前区No.41,散布地,川崎市宮前区西野川1-2,縄文,,馬絹-10,53,139.5965068,35.57691836
14136004200,14136,宮前区No.42,散布地,川崎市宮前区東有馬2-12,縄文,,馬絹-21,53,139.594742,35.576748
14136004300,14136,宮前区No.43,その他の墓,川崎市宮前区東有馬1-1,平安,,馬絹-14,59,139.5904472,35.57766881
14136004400,14136,宮前区No.44,その他の墓,川崎市宮前区東有馬1-2,平安,,馬絹-24,59,139.5900523,35.57673337
14136004500,14136,宮前区No.45,集落跡 その他の墓,川崎市宮前区有馬3-4ほか,縄文　弥生　古墳　奈良　平安,東有馬一丁目遺跡・骨蔵器,馬絹-23,59,139.5880267,35.57773861
14136004600,14136,宮前区No.46,散布地,川崎市宮前区東有馬2-36ほか,縄文　平安,,馬絹-12,53,139.5939147,35.57323236
14136004700,14136,宮前区No.47,散布地,川崎市宮前区東有馬2-32,縄文　奈良　平安,,馬絹-15,53,139.5925586,35.57439123
14136004800,14136,宮前区No.48,散布地 その他の墓,川崎市宮前区東有馬3-9ほか,縄文　奈良　平安,骨蔵器,馬絹-16,53,139.5901897,35.57330217
14136004900,14136,宮前区No.49,その他の墓,川崎市宮前区東有馬3-13,平安,,馬絹-25,59,139.5899837,35.5722829
14136005000,14136,宮前区No.50,散布地,川崎市宮前区有馬3-18ほか,縄文,,有馬-1,59,139.5866534,35.57567226
14136005100,14136,宮前区No.51,集落跡,川崎市宮前区有馬4-4ほか,縄文,有馬遺跡群,有馬-8,59,139.5806625,35.57628659
14136005200,14136,宮前区No.52,散布地,川崎市宮前区有馬4-3ほか,縄文,,有馬-3,59,139.5799432,35.57586579
14136005300,14136,宮前区No.53,散布地,川崎市宮前区有馬5-11ほか,縄文,,有馬-9,59,139.5826537,35.57327075
14136005400,14136,宮前区No.54,散布地,川崎市宮前区有馬5-4ほか,縄文,,有馬-4,59,139.5799586,35.57419227
14136005500,14136,宮前区No.55,その他の墓,川崎市宮前区有馬7-1ほか,平安,,有馬-14,59,139.5775382,35.57279603
14136005600,14136,宮前区No.56,散布地,川崎市宮前区有馬7-7,縄文,,有馬-15,59,139.5769202,35.57130202
14136005700,14136,宮前区No.57,散布地,川崎市宮前区有馬8-19,奈良　平安,,有馬-18,59,139.573685,35.57304
14136005800,14136,宮前区No.58,散布地,川崎市宮前区有馬9-15ほか,縄文　奈良,,有馬-5,59,139.573746,35.570984
14136005900,14136,宮前区No.59,その他の墓,川崎市宮前区有馬8-17ほか,中世,堂尻谷戸遺跡,有馬-19,59,139.5723879,35.5730772
14136006000,14136,宮前区No.60,散布地,川崎市宮前区有馬8-15,縄文,,有馬-17,59,139.5728342,35.57372645
14136006100,14136,宮前区No.61,散布地,川崎市宮前区有馬9-2ほか,縄文,,有馬-24,59,139.5700061,35.5723686
14136006200,14136,宮前区No.62,集落跡,川崎市宮前区小台1-6ほか,縄文,,有馬-11,58,139.5790243,35.58163712
14136006300,14136,宮前区No.63,散布地,川崎市宮前区小台1-10,縄文　弥生　古墳　奈良　平安,,有馬-2,59,139.5792475,35.58003857
14136006400,14136,宮前区No.64,散布地,川崎市宮前区小台1-15ほか,縄文,,有馬-12,59,139.5770073,35.57982217
14136006500,14136,宮前区No.65,その他の墓,川崎市宮前区小台1-11ほか,平安,,有馬-10,59,139.5772819,35.57945219
14136006600,14136,宮前区No.66,散布地,川崎市宮前区有馬1-1,縄文　平安,,有馬-16,59,139.5761318,35.578433
14136006700,14136,宮前区No.67,その他の墓,川崎市宮前区有馬1-9,平安,,有馬-25,59,139.5790758,35.57828641
14136006800,14136,宮前区No.68,散布地,川崎市宮前区有馬4-1ほか,縄文,,有馬-13,59,139.5771091,35.57599338
14136006900,14136,宮前区No.69,散布地,川崎市宮前区鷺沼2-1,縄文,鷺沼南遺跡,有馬-23,59,139.5688903,35.57672482
14136007000,14136,宮前区No.70,散布地,川崎市宮前区鷺沼3-10ほか,縄文,,有馬-22,59,139.5690791,35.57962185
14136007100,14136,宮前区No.71,散布地,川崎市宮前区鷺沼4-3ほか,縄文,,有馬-21,58,139.5692508,35.581367
14136007200,14136,宮前区No.72,その他の墓,川崎市宮前区鷺沼4-9-6,平安,,有馬-20,64,139.5676715,35.58255368
14136007300,14136,宮前区No.73,集落跡,川崎市宮前区土橋2-4ほか,縄文,土橋遺跡,土橋-9,58,139.5763893,35.58411167
14136007400,14136,宮前区No.74,集落跡,川崎市宮前区土橋2-14ほか,縄文,第六天遺跡,土橋-8,58,139.5733725,35.58566894
14136007500,14136,宮前区No.75,集落跡,川崎市宮前区神木本町2-10,縄文　弥生　古墳　奈良　平安,東高根遺跡,五所塚-3,57,139.5864184,35.6048945
14136007600,14136,宮前区No.76,散布地,川崎市宮前区神木本町2丁目,縄文　奈良　平安,東高根遺跡,五所塚-4,57,139.585327,35.60342
14136007700,14136,宮前区No.77,散布地,川崎市宮前区神木本町2-22,弥生,,五所塚-6,57,139.5862296,35.6030382
14136007800,14136,宮前区No.78,横穴墓,川崎市宮前区神木本町2-11,古墳,,津田山-21,57,139.5875897,35.60202334
14136007900,14136,宮前区No.79,集落跡,川崎市宮前区神木本町1-28ほ,縄文,長尾鯉坂遺跡,五所塚-5,57,139.5827277,35.60514572
14136008000,14136,宮前区No.80,集落跡,川崎市宮前区五所塚1-1-1ほか,縄文,長尾権現台遺跡・五所塚,五所塚-19,57,139.576874,35.606144
14136008100,14136,宮前区No.81,散布地,川崎市宮前区五所塚1-6ほか,縄文　奈良　平安,,五所塚-35,57,139.575912,35.605789
14136008200,14136,宮前区No.82,散布地,川崎市宮前区平1-14,縄文,,五所塚-36,57,139.5770006,35.60279918
14136008300,14136,宮前区No.83,集落跡,川崎市宮前区平1-11,縄文　弥生　古墳　奈良　平安,東泉寺上遺跡,五所塚-22,57,139.5785971,35.60242931
14136008400,14136,宮前区No.84,散布地,川崎市宮前区平1-10-39,縄文　古墳　奈良　平安,,五所塚-23,57,139.5794382,35.60205246
14136008500,14136,宮前区No.85,集落跡,川崎市宮前区平1-6,弥生,平風久保遺跡・東泉寺上遺跡,五所塚-24,57,139.5780134,35.60182914
14136008600,14136,宮前区No.86,集落跡,川崎市宮前区平1丁目,弥生,平風久保遺跡・東泉寺上遺跡,五所塚-37,57,139.5772496,35.60148719
14136008700,14136,宮前区No.87,散布地,川崎市宮前区平2-23,縄文　弥生,,五所塚-37,57,139.5722564,35.60292305
14136008800,14136,宮前区No.88,散布地,川崎市宮前区平2-15ほか,縄文　奈良　平安,,五所塚-39,57,139.5742562,35.60205072
14136008900,14136,宮前区No.89,集落跡 墓地,川崎市宮前区平2-12,縄文　弥生　平安,風久保遺跡・風久保西遺跡,五所塚-27,57,139.5745051,35.6011051
14136009000,14136,宮前区No.90,集落跡,川崎市宮前区野川本町1-14,縄文　弥生　古墳,野川北耕地西遺跡,千年-18,53,139.6127204,35.58008012
14136009100,14136,宮前区No.91,散布地,川崎市宮前区平2-16,弥生　奈良　平安,,五所塚-28,57,139.5728658,35.60105276
14136009200,14136,宮前区No.92,散布地,川崎市宮前区平2-7,縄文　奈良　平安,,五所塚-33,57,139.5703166,35.60129003
14136009300,14136,宮前区No.93,散布地,川崎市宮前区初山1-3,縄文　奈良　平安,,五所塚-32,63,139.5668624,35.60157344
14136009400,14136,宮前区No.94,散布地,川崎市宮前区初山1-4,縄文,,五所塚-31,63,139.5655444,35.60267531
14136009500,14136,宮前区No.95,散布地,川崎市宮前区初山2-7,縄文　奈良　平安,,五所塚-34,63,139.5668023,35.5976792
14136009600,14136,宮前区No.96,集落跡,川崎市宮前区白幡台2-2ほか,縄文,初山遺跡,土橋-28,63,139.5673345,35.59548773
14136009700,14136,宮前区No.97,散布地,川崎市宮前区南平台21ほか,縄文,,土橋-5,57,139.5702012,35.59597628
14136009800,14136,宮前区No.98,集落跡,川崎市宮前区神木本町5-12ほか,縄文　弥生,平遺跡,五所塚-38,57,139.579796,35.59966085
14136009900,14136,宮前区No.99,古墳,川崎市宮前区神木本町5-3,古墳,長尾古墳,五所塚-7,57,139.5821993,35.60006563
14136010000,14136,宮前区No.100,散布地,川崎市宮前区神木本町48ほか,縄文　奈良　平安,,五所塚-9,57,139.5836348,35.59884431
14136010100,14136,宮前区No.101,散布地,川崎市宮前区神木本町3-4,縄文　弥生,,五所塚-8,57,139.5847399,35.59936774
14136010200,14136,宮前区No.102,散布地,川崎市宮前区神木本町4-18,縄文　弥生　古墳　奈良　平安,,五所塚-11,57,139.585114,35.597305
14136010300,14136,宮前区No.103,散布地,高津区向ヶ丘167ほか,縄文　弥生,,宮崎-20,57,139.5883898,35.59535823
14136010400,14136,宮前区No.104,散布地,川崎市宮前区神木2-16ほか,縄文,,土橋-10,57,139.5859649,35.59505553
14136010500,14136,宮前区No.105,散布地,川崎市宮前区神木2-11ほか,縄文,,土橋-1,57,139.5840125,35.5958049
14136010600,14136,宮前区No.106,散布地,川崎市宮前区神木2-9,縄文　弥生　古墳　奈良　平安,,土橋-2,57,139.5818324,35.59531635
14136010700,14136,宮前区No.107,散布地,川崎市宮前区神木本町4-3-4ほか,縄文　弥生　古墳　奈良　平安,,五所塚-10,57,139.5818903,35.59786027
14136010800,14136,宮前区No.108,散布地,川崎市宮前区平6-1ほか,縄文　奈良　平安,,五所塚-25,57,139.5789892,35.59844651
14136010900,14136,宮前区No.109,散布地,川崎市宮前区平6-8ほか,縄文　弥生　古墳　奈良　平安,,土橋-18,57,139.5772147,35.59646095
14136011000,14136,宮前区No.110,集落跡,川崎市宮前区平6-5ほか,縄文,南平遺跡,土橋-19,57,139.5798754,35.5952326
14136011100,14136,宮前区No.111,散布地,川崎市宮前区けやき平6-6ほか,縄文,,土橋-20,57,139.5787745,35.59365402
14136011200,14136,宮前区No.112,散布地 その他の墓,川崎市宮前区宮崎6-5,縄文　弥生　平安,,土橋-23,58,139.5799074,35.59210496
14136011300,14136,宮前区No.113,集落跡,川崎市宮前区宮崎6-2,縄文,大野遺跡,土橋-22,58,139.5811262,35.59256561
14136011400,14136,宮前区No.114,散布地,川崎市宮前区神木1-6ほか,縄文,,土橋-11,58,139.5823107,35.59315189
14136011500,14136,宮前区No.115,その他の墓,川崎市宮前区宮崎6-3-10,平安,,土橋-13,58,139.5838535,35.59300358
14136011600,14136,宮前区No.116,散布地 その他の墓,川崎市宮前区宮崎6-4-6ほか,縄文　平安,,土橋-12,58,139.5846946,35.59310129
14136011700,14136,宮前区No.117,散布地,川崎市宮前区宮崎4-1ほか,縄文　弥生　古墳　奈良　平安,,土橋-3,58,139.5862911,35.5932688
14136011800,14136,宮前区No.118,散布地,川崎市宮前区宮崎6-2,縄文,,土橋-14,58,139.5841646,35.5918537
14136011900,14136,宮前区No.119,散布地,川崎市宮前区宮崎5-4-21ほか,古墳,,宮崎-29,58,139.5878118,35.59122233
14136012000,14136,宮前区No.120,古墳,川崎市宮前区宮崎5-4ほか,古墳,,宮崎-30,58,139.5887044,35.59083147
14136012100,14136,宮前区No.121,散布地,川崎市宮前区宮崎3-18,縄文,,宮崎-28,58,139.5899919,35.59187842
14136012200,14136,宮前区No.122,散布地,川崎市宮前区宮崎2-6-1ほか,縄文,,宮崎-31,58,139.5902022,35.58874452
14136012300,14136,宮前区No.123,散布地,川崎市宮前区宮崎3-3-18ほか,縄文　弥生,,宮崎-32,58,139.592865,35.592197
14136012400,14136,宮前区No.124,散布地,川崎市宮前区宮前平3-14ほか,縄文,,土橋-15,58,139.5851628,35.58917029
14136012500,14136,宮前区No.125,散布地,川崎市宮前区宮前平3-12ほか,縄文,,土橋-16,58,139.5840792,35.58763994
14136012600,14136,宮前区No.126,散布地,川崎市宮前区宮前平2-1ほか,縄文,,土橋-17,58,139.584002,35.58565062
14136012700,14136,宮前区No.127,散布地,川崎市宮前区宮前平2-12ほか,縄文　古墳　奈良　平安,土橋-４遺跡,土橋-4,58,139.5828175,35.58764692
14136012800,14136,宮前区No.128,散布地,川崎市宮前区宮前平2-20ほか,縄文,,土橋-25,58,139.5809078,35.58934129
14136012900,14136,宮前区No.129,散布地,川崎市宮前区宮前平2-20ほか,縄文,,土橋-26,58,139.5785818,35.58890156
14136013000,14136,宮前区No.130,散布地,川崎市宮前区土橋7-5ほか,縄文,,土橋-24,58,139.5767106,35.59065349
14136013100,14136,宮前区No.131,散布地,川崎市宮前区土橋7-18,縄文,土橋№６遺跡,土橋-6,58,139.5746765,35.59204244
14136013200,14136,宮前区No.132,散布地,川崎市宮前区けやき平1,縄文,,土橋-21,58,139.5764914,35.59327713
14136013300,14136,宮前区No.133,散布地,川崎市宮前区けやき平10ほか,縄文,,土橋-7,58,139.5734662,35.59350814
14136013400,14136,宮前区No.134,散布地,川崎市宮前区けやき平9ほか,旧石器,,土橋-27,58,139.5706832,35.59125723
14136013500,14136,宮前区No.135,散布地,川崎市宮前区南平台10,縄文,,土橋-29,64,139.5662873,35.59254241
14136013600,14136,宮前区No.136,生産遺跡,川崎市宮前区犬蔵1-1ほか,古墳,白井坂埴輪窯跡,土橋-30,64,139.565944,35.59233303
14136013700,14136,宮前区No.137,散布地,川崎市宮前区犬蔵1-12,縄文,,蔵敷-1,64,139.5633863,35.58977846
14136013800,14136,宮前区No.138,散布地,川崎市宮前区犬蔵1-13,縄文,,蔵敷-2,64,139.5615495,35.58926196
14136013900,14136,宮前区No.139,散布地,川崎市宮前区犬蔵1-10ほか,縄文,,蔵敷-3,64,139.5649827,35.58846625
14136014000,14136,宮前区No.140,散布地,川崎市宮前区犬蔵2-16,縄文　弥生　古墳　奈良　平安,,蔵敷-5,64,139.5629056,35.5868469
14136014100,14136,宮前区No.141,集落跡,川崎市宮前区犬蔵2-13ほか,縄文　弥生,,蔵敷-8,64,139.5633519,35.58552068
14136014200,14136,宮前区No.142,散布地,川崎市宮前区犬蔵2-33ほか,縄文　奈良　平安,,元石川-l,64,139.56297,35.58244935
14136014300,14136,宮前区No.143,散布地,川崎市宮前区犬蔵2-20ほか,縄文,,蔵敷-4,64,139.561432,35.587307
14136014400,14136,宮前区No.144,散布地,川崎市宮前区犬蔵2-27ほか,縄文,,蔵敷-7,64,139.5612662,35.58626057
14136014500,14136,宮前区No.145,散布地,川崎市宮前区犬蔵2-22ほか,縄文　弥生　古墳,,蔵敷-6,64,139.5598415,35.586812
14136014600,14136,宮前区No.146,集落跡,川崎市宮前区犬蔵2-28ほか,縄文,向ヶ丘南菅生地内遺跡,蔵敷-9,64,139.5583695,35.58624661
14136014700,14136,宮前区No.147,散布地,川崎市宮前区菅生1-33ほか,縄文　奈良　平安,,生田緑地-7,63,139.555374,35.599854
14136014800,14136,宮前区No.148,散布地,川崎市宮前区菅生1-36,縄文　奈良　平安,,生田緑地-5,63,139.555374,35.599854
14136014900,14136,宮前区No.149,散布地,川崎市宮前区菅生1-12,縄文　弥生　古墳　奈良　平安,,生田緑地-4,63,139.556778,35.601372
14136015000,14136,宮前区No.150,散布地,川崎市宮前区菅生1-9,縄文　弥生　古墳　奈良　平安,,生田緑地-6,63,139.553284,35.600735
14136015100,14136,宮前区No.151,散布地,川崎市宮前区菅生2-10,縄文　奈良　平安,菅生遺跡,生田緑地-13,63,139.552765,35.598785
14136015200,14136,宮前区No.152,散布地,川崎市宮前区菅生2-16ほか,縄文,,生田緑地-12,63,139.547073,35.59956
14136015300,14136,宮前区No.153,その他の墓,川崎市宮前区菅生2-14,平安,,生田緑地-14,63,139.550064,35.598595
14136015400,14136,宮前区No.154,散布地 その他の墓,川崎市宮前区菅生2-6ほか,縄文　平安,,生田緑地-10,63,139.553757,35.596874
14136015500,14136,宮前区No.155,散布地,川崎市宮前区菅生2-7ほか,（不明）,,生田緑地-9,63,139.554749,35.597317
14136015600,14136,宮前区No.156,散布地,川崎市宮前区菅生1-3ほか,縄文,,生田緑地-8,63,139.55542,35.597496
14136015700,14136,宮前区No.157,散布地,川崎市宮前区菅生3-21ほか,縄文,,蔵敷-17,63,139.549179,35.59544
14136015800,14136,宮前区No.158,散布地,川崎市宮前区菅生3-17ほか,縄文,,蔵敷-18,63,139.550446,35.595413
14136015900,14136,宮前区No.159,散布地,川崎市宮前区菅生4-5ほか,縄文　奈良　平安,,蔵敷-18,64,139.5535217,35.59212595
14136016000,14136,宮前区No.160,集落跡,川崎市宮前区菅生5-23ほか,縄文,菅生カエンヅカ遺跡,蔵敷-15,64,139.5547662,35.59149778
14136016100,14136,宮前区No.161,集落跡,川崎市宮前区水沢1-1,縄文,菅生水沢遺跡Ｃ地点,蔵敷-12,64,139.5526247,35.59126397
14136016200,14136,宮前区No.162,集落跡,川崎市宮前区水沢1-1,縄文　古墳,菅生水沢遺跡Ｂ地点,蔵敷-11,64,139.5501013,35.59098478
14136016300,14136,宮前区No.163,散布地,川崎市宮前区水沢1-2ほか,縄文　弥生　古墳　奈良　平安,,蔵敷-14,64,139.5475264,35.58964467
14136016400,14136,宮前区No.164,集落跡,川崎市宮前区水沢1-1,,菅生水沢遺跡Ａ地点,蔵敷-19,64,139.5486422,35.59109645
14136016500,14136,宮前区No.165,集落跡,川崎市宮前区菅生4-14ほか,奈良　平安,菅生水沢遺跡Ｅ地点,蔵敷-10,64,139.5499297,35.59249238
14136016600,14136,宮前区No.166,集落跡,川崎市宮前区水沢1-1,縄文　弥生　古墳　奈良　平安,菅生水沢遺跡Ｄ地点・Ｆ地点,蔵敷-13,64,139.5468741,35.59225507
14136016700,14136,宮前区No.167,散布地,川崎市宮前区水沢2-9,縄文　奈良　平安,,稗原-10,70,139.5422245,35.59243699
14136016800,14136,宮前区No.168,散布地,川崎市宮前区菅生ケ丘38ほか,縄文,鷲ヶ峰遺跡,長沢-1,69,139.541092,35.598068
14136016900,14136,宮前区No.169,散布地,川崎市宮前区潮見台7,奈良　平安,,稗原-5,70,139.5394779,35.59608023
14136017000,14136,宮前区No.170,散布地 その他の墓,川崎市宮前区潮見台3-8ほか,縄文　平安,潮見台遺跡Ａ地点,稗原-6,69,139.5361649,35.59536835
14136017100,14136,宮前区No.171,散布地 その他の墓,川崎市宮前区潮見台2-38ほか,縄文　弥生　古墳　奈良　平安,潮見台遺跡Ｃ地点,稗原-3,69,139.5364224,35.59460062
14136017200,14136,宮前区No.172,散布値,川崎市宮前区潮見台18,縄文,,稗原-4,70,139.5337962,35.59208838
14136017300,14136,宮前区No.173,散布地,川崎市宮前区潮見台4,縄文　奈良　平安,,稗原-7,69,139.531015,35.59543814
14136017400,14136,宮前区No.174,散布地,川崎市宮前区潮見台7,縄文　奈良　平安,,稗原-8,69,139.5290581,35.59365142
14136017500,14136,宮前区No.175,散布地,川崎市宮前区潮見台24,縄文,,稗原-5,70,139.5273415,35.59288368
14136017600,14136,宮前区No.176,散布地,川崎市宮前区野川本町2-8,縄文　古墳　奈良　平安,野川東耕地北遺跡,千年-24,48,139.6145986,35.57684542
14136017700,14136,宮前区No.177,散布地,川崎市宮前区有馬1-5,縄文　奈良　平安,,有馬-26,59,139.5775223,35.57820962
14136017800,14136,宮前区No.178,その他の墓,川崎市宮前区東有馬1-3,平安,,馬絹-27,59,139.5898635,35.57765484
14136017900,14136,宮前区No.179,散布地,川崎市宮前区野川本町2-7,縄文　古墳　奈良　平安,,千年-28,48,139.6134742,35.57679793
14136018000,14136,宮前区No.180,散布地,川崎市宮前区西野川1-15,縄文　弥生　古墳　奈良　平安,,馬絹-7,53,139.601039,35.57611596
14136018100,14136,宮前区No.181,散布地,川崎市宮前区野川3004,縄文,,馬絹-29,53,139.597168,35.575649
14136018200,14136,宮前区No.182,集落跡,川崎市宮前区野川3013,縄文　古墳,野川西耕地遺跡,馬絹-30,53,139.5990649,35.57428248
14136018300,14136,宮前区No.183,散布地,川崎市宮前区神木本町4-10,弥生,,五所塚-41,57,139.5834717,35.59767881
14136018400,14136,宮前区No.184,散布地,川崎市宮前区平2-19,古墳,,五所塚-42,57,139.5712693,35.60214144
14136018500,14136,宮前区No.185,その他の墓,川崎市宮前区東有馬3-5,中世,板碑,有馬-27,59,139.5872199,35.57246442
14136018600,14136,宮前区No.186,その他の墓,川崎市宮前区菅生1-18,中世,,生田緑地-15,63,139.554016,35.601593
14136018700,14136,宮前区No.187,散布地,川崎市宮前区菅生2-12,縄文,,生田緑地-16,63,139.552963,35.599861
14136018800,14136,宮前区No.188,散布地,川崎市宮前区菅生1-10,縄文,,生田緑地-17,63,139.556305,35.599586
14136018900,14136,宮前区No.189,散布地,川崎市宮前区菅生1-18,縄文　奈良　平安,,生田緑地-18,63,139.554016,35.601593
14136019000,14136,宮前区No.190,散布地,川崎市宮前区水沢3-1,奈良　平安,,蔵敷-20,64,139.5476809,35.59323221
14136019100,14136,宮前区No.191,散布地,川崎市宮前区神木本町1-25ほか,縄文　奈良　平安,,五所塚-21,57,139.5821441,35.60428039
14136019200,14136,宮前区No.192,その他の墓,川崎市宮前区有馬4-16,平安,,―,59,139.5817954,35.57549075
14136019300,14136,宮前区No.193,散布地,高津区上作延722ほか,縄文　古墳　奈良　平安　中世,,津田山-23,57,139.5864501,35.59720074
14136019400,14136,宮前区No.194,散布地,川崎市宮前区馬絹1-19,古墳,,―,58,139.5857335,35.58256547
14136019600,14136,宮前区No.196,散布地,川崎市宮前区小台1-3ほか,縄文,小台西遺跡,―,58,139.5798434,35.58320766
14136019700,14136,宮前区No.197,狩場,川崎市宮前区梶ヶ谷金山1451付近,縄文,梶ヶ谷金山西遺跡,―,53,139.6017596,35.57973162
14136019800,14136,宮前区No.198,散布地,川崎市宮前区東有馬5-36,縄文,,―,53,139.5965068,35.56803815
14135000100,14135,多摩区No.1,散布地,川崎市多摩区長尾7-8ほか,縄文,,五所塚-1,56,139.5860906,35.60811531
14135000200,14135,多摩区No.2,集落跡,川崎市多摩区長尾7-12,縄文　弥生　古墳　奈良　平安,下原遺跡,五所塚-2,56,139.584793,35.606651
14135000300,14135,多摩区No.3,集落跡,川崎市多摩区長尾7-29ほか,縄文　弥生　古墳　奈良　平安,新林遺跡,五所塚-20,57,139.5807562,35.60596949
14135000400,14135,多摩区No.4,集落跡,川崎市多摩区長尾6-11,縄文　弥生　古墳　奈良　平安,長尾台遺跡・長尾台北遺跡,五所塚-15,56,139.5806189,35.60804204
14135000500,14135,多摩区No.5,城館跡,川崎市多摩区長尾3-9,中世,長尾妙楽寺北遺跡,五所塚-14,56,139.578104,35.60832814
14135000600,14135,多摩区No.6,その他の墓,川崎市多摩区長尾3-9,中世,妙楽寺出土板碑,五所塚-13・16,56,139.5767737,35.60831419
14135000700,14135,多摩区No.7,横穴墓,川崎市多摩区長尾3-10,古墳,大師穴,五所塚-12,56,139.5761975,35.60925893
14135000800,14135,多摩区No.8,散布地,川崎市多摩区長尾3-10-2,縄文,,五所塚-17,57,139.5766953,35.60724922
14135000900,14135,多摩区No.9,散布地,川崎市多摩区長尾3-10-1,縄文　弥生,,五所塚-18,57,139.5768584,35.60689332
14135001000,14135,多摩区No.10,散布地,川崎市多摩区東生田4-8,縄文　奈良　平安,,五所塚-29,63,139.566864,35.60405
14135001100,14135,多摩区No.11,その他の墓,川崎市多摩区東生田4-10,平安,,五所塚-40,63,139.566151,35.60318602
14135001200,14135,多摩区No.12,散布地,川崎市多摩区東生田4-11ほか,縄文,,五所塚-30,63,139.5658935,35.60345818
14135001300,14135,多摩区No.13,散布地,川崎市多摩区東生田4-16ほか,縄文　奈良　平安,,生田緑地-2,63,139.5638552,35.6050775
14135001400,14135,多摩区No.14,古墳,川崎市多摩区登戸2919,古墳,登戸富士塚,宿河原-1,62,139.5682664,35.61574045
14135001500,14135,多摩区No.15,横穴墓,川崎市多摩区枡形6-1ほか,古墳,生田長者穴横穴墓群,登戸-1,62,139.563181,35.61357302
14135001600,14135,多摩区No.16,散布地,川崎市多摩区枡形6-7-8,縄文　奈良　平安,廣福寺南遺跡,登戸-3,62,139.5591791,35.61382792
14135001700,14135,多摩区No.17,古墳,川崎市多摩区枡形4-12ほか,古墳,生田根岸古墳群,登戸-2,62,139.5549691,35.61761933
14135001800,14135,多摩区No.18,散布地 横穴墓,川崎市多摩区枡形4-12,縄文　弥生　古墳　奈良　平安,榎戸遺跡,登戸-4,62,139.553177,35.617504
14135001900,14135,多摩区No.19,散布地,川崎市多摩区枡形6-26,縄文　奈良　平安,,生田緑地-1,62,139.5580676,35.61171278
14135002000,14135,多摩区No.20,散布地,川崎市多摩区枡形6-26ほか,縄文　奈良　平安,,生田緑地-3,62,139.557922,35.610565
14135002100,14135,多摩区No.21,散布地,川崎市多摩区三田5-l,縄文,神明山遺跡,生田緑地-11,63,139.5492356,35.60535219
14135002200,14135,多摩区No.22,その他の墓,川崎市多摩区南生田6-5,平安,,長沢-14,69,139.5406947,35.6040949
14135002300,14135,多摩区No.23,散布地,川崎市多摩区南生田6-9ほか,縄文,,長沢-8,69,139.5398535,35.60276897
14135002400,14135,多摩区No.24,その他の墓,川崎市多摩区南生田6-32,平安,,長沢-15,69,139.5381541,35.60543477
14135002500,14135,多摩区No.25,散布地,川崎市多摩区長沢4-14ほか,縄文,,長沢-2,69,139.5382442,35.59821003
14135002600,14135,多摩区No.26,集落跡,川崎市多摩区長沢1-22ほか,縄文,潮見台遺跡Ｂ地点,稗原-2,69,139.5361327,35.59700962
14135002700,14135,多摩区No.27,散布地,川崎市多摩区南生田2-3ほか,縄文,,長沢-12,69,139.5315528,35.60510109
14135002800,14135,多摩区No.28,散布地,川崎市多摩区南生田2-31,縄文,,長沢-6,69,139.5263073,35.60457119
14135002900,14135,多摩区No.29,散布地,川崎市多摩区南生田1-29ほか,縄文,,長沢-11,69,139.5285144,35.60651073
14135003000,14135,多摩区No.30,散布地,川崎市多摩区南生田1-13ほか,縄文,,長沢-10,68,139.529846,35.607296
14135003100,14135,多摩区No.31,散布地,川崎市多摩区栗谷2-19,縄文,,長沢-9,69,139.532837,35.608334
14135003200,14135,多摩区No.32,散布地,川崎市多摩区西生田4-20ほか,縄文　古墳　奈良　平安,,長沢-5,68,139.5246691,35.61075344
14135003300,14135,多摩区No.33,散布地,川崎市多摩区西生田3-22ほか,縄文　弥生　古墳　奈良　平安,,長沢-4,68,139.528244,35.610363
14135003400,14135,多摩区No.34,散布地,川崎市多摩区西生田3-18,縄文　奈良　平安,,西生田-11,68,139.5312266,35.61140937
14135003500,14135,多摩区No.35,散布地,川崎市多摩区栗谷2-13,縄文　古墳　奈良　平安,,長沢-3,68,139.533813,35.609261
14135003600,14135,多摩区No.36,散布地,川崎市多摩区栗谷4-1ほか,縄文　奈良　平安,,西生田-1,68,139.538711,35.61235836
14135003700,14135,多摩区No.37,集落跡,川崎市多摩区栗谷3-25ほか,縄文　奈良　平安,栗谷遺跡,西生田-10,68,139.5363936,35.61319569
14135003800,14135,多摩区No.38,散布地,川崎市多摩区生田7-18ほか,奈良　平安,,西生田-8,68,139.540344,35.616055
14135003900,14135,多摩区No.39,その他の墓,川崎市多摩区生田6-15,平安,,西生田-12,68,139.5344109,35.6168502
14135004000,14135,多摩区No.40,散布地,川崎市多摩区西生田2-9ほか,縄文,,西生田-9,68,139.5343766,35.6158594
14135004100,14135,多摩区No.41,散布地,川崎市多摩区西生田2-12ほか,奈良　平安,,西生田-2,68,139.5322823,35.61537097
14135004200,14135,多摩区No.42,散布地,川崎市多摩区西生田1-7,縄文　奈良　平安,,西生田-5,68,139.5289693,35.61682229
14135004300,14135,多摩区No.43,古墳,川崎市多摩区菅馬場4-3,古墳,菅古墳,西生田-4,68,139.527081,35.61753399
14135004400,14135,多摩区No.44,散布地,川崎市多摩区西生田1-1-1,縄文,,西生田-3,68,139.5281796,35.62183193
14135004500,14135,多摩No.45,社寺跡,川崎市多摩区寺尾台2-8,奈良　平安,寺尾台廃寺跡,西生田-7,67,139.5379816,35.62217577
14135004600,14135,多摩No.46,散布地,川崎市多摩区菅北浦5-3,縄文　奈良　平安,,菅-1,67,139.5350462,35.62690601
14135004700,14135,多摩No.47,集落跡,川崎市多摩区菅馬場3-14ほか,縄文,西菅遺跡第１地点,菅-3,67,139.5333639,35.62498046
14135004800,14135,多摩No.48,集落跡,川崎市多摩区菅北浦4-6ほか,縄文,西菅遺跡第２地点,菅-5,67,139.5296645,35.62516338
14135004900,14135,多摩No.49,集落跡,川崎市多摩区菅北浦4-6ほか,縄文,,菅-7,67,139.5261111,35.62538663
14135005000,14135,多摩区No.50,散布地,川崎市多摩区菅仙谷3-1ほか,縄文,,菅-6,73,139.5229697,35.62640522
14135005100,14135,多摩No.51,その他の墓,川崎市多摩区菅北浦4-16-2,中世,,菅-4,67,139.5311495,35.6285106
14135005200,14135,多摩区No.52,城館跡,川崎市多摩区菅6516ほか,中世,小沢城跡,菅-8,73,139.5235662,35.63209792
14135005300,14135,多摩区No.53,散布地,川崎市多摩区菅仙谷1-4ほか,縄文　奈良　平安,,菅-2,73,139.5215193,35.63149645
14135005400,14135,多摩区No.54,集落跡,川崎市多摩区枡形5-6ほか,縄文　奈良　平安,亀の子山遺跡,登戸-5,62,139.5538791,35.61250651
14135005500,14135,多摩区No.55,散布地,川崎市多摩区長沢4-13ほか,縄文　奈良　平安,,長沢-16,69,139.5365962,35.59801461
14135005600,14135,多摩区No.56,散布地,川崎市多摩区長沢4-22,近世,長沢-17遺跡,長沢-17,69,139.5360298,35.59751212
14135005700,14135,多摩区No.57,散布地,川崎市多摩区枡形6-26ほか,縄文　弥生,,登戸-6,62,139.557922,35.610565
14135005800,14135,多摩区No.58,その他の墓,川崎市多摩区南生田5-4,中世,南生田遺跡,長沢-18,69,139.540314,35.601879
14135005900,14135,多摩区No.59,横穴墓,川崎市多摩区東生田2-4527ほか,古墳,東生田横穴墓,登戸-7,62,139.5644148,35.61245243
14135006000,14135,多摩区No.60,散布地 城館跡,川崎市多摩区枡形6-4740ほか,旧石器　縄文　中世,枡形山遺跡,登戸-8,62,139.5612219,35.6111371
14135006100,14135,多摩区No.61,散布地,川崎市多摩区宿河原地先,縄文,多摩区No.61遺跡,宿河原-2,56,139.58432,35.617657
14135006200,14135,多摩区No.62,散布地,川崎市多摩区南生田2-29,縄文　奈良　平安,,長沢-20,69,139.5279981,35.60349649
14135006300,14135,多摩区No.63,古墳,川崎市多摩区枡形4丁目付近,古墳,東生田緑地内古墳群,登戸-9,62,139.5531389,35.61680345
14135006400,14135,多摩区No.64,散布地,川崎市多摩区西生田3-3,縄文,,—,68,139.530869,35.613583
14135006500,14135,多摩No.65,城館跡,川崎市多摩区菅馬場2-30,中世,寺尾城跡,—,67,139.53833,35.624084
14135006600,14135,多摩区No.66,散布地,川崎市宮前区神木本町2丁目,縄文　奈良　平安,東高根遺跡,五所塚-4,57,139.5843697,35.60502042
14135006700,14135,多摩区No.67,集落跡,川崎市宮前区神木本町1-28ほか,縄文,長尾鯉坂遺跡,五所塚-5,57,139.5827732,35.60513208
14137000100,14137,麻生区No.1,散布地,川崎市麻生区細山7-11,奈良　平安,,稲城-1,73,139.5137317,35.62453087
14137000200,14137,麻生区No.2,散布地,川崎市麻生区細山7-8,縄文,,稲城-2,73,139.5123412,35.62390295
14137000300,14137,麻生区No.3,散布地 その他の墓,川崎市麻生区細山8-16ほか,弥生　古墳　奈良　平安,細山代官山遺跡,細山-7,73,139.5110709,35.62193547
14137000400,14137,麻生区No.4,散布地,川崎市麻生区細山8-7ほか,縄文　奈良　平安,,細山-8,74,139.5112941,35.6206796
14137000500,14137,麻生区No.5,散布地,川崎市麻生区千代ヶ丘9-11ほか,弥生　奈良　平安,細山遺跡,細山-13,74,139.5087661,35.61885746
14137000600,14137,麻生区No.6,散布地,川崎市麻生区細山4-22ほか,縄文　奈良　平安,,細山-9,74,139.5116672,35.61885746
14137000700,14137,麻生区No.7,その他の墓,川崎市麻生区細山5-12,縄文,,細山-22,74,139.5170764,35.6186634
14137000800,14137,麻生区No.8,散布地,川崎市麻生区細山5-24ほか,縄文,,細山-3,73,139.5166098,35.6210674
14137000900,14137,麻生区No.9,散布地,川崎市麻生区細山1-10ほか,縄文　奈良　平安,,細山-4,74,139.518172,35.61974175
14137001000,14137,麻生区No.10,散布地,川崎市麻生区多摩美2-12ほか,縄文　奈良　平安,,細山-2,74,139.5209185,35.61988129
14137001100,14137,麻生区No.11,散布地,川崎市麻生区細山6-6ほか,縄文,,細山-1,73,139.5203006,35.62113717
14137001100,14137,麻生区No.11,散布地,川崎市麻生区細山6-6ほか,縄文,,細山-1,74,139.518585,35.621471
14137001200,14137,麻生区No.12,散布地,川崎市麻生区細山3-8ほか,縄文　奈良　平安,香林寺北遺跡,細山-10,74,139.5122518,35.61610026
14137001300,14137,麻生区No.13,その他の墓,川崎市麻生区千代ヶ丘6-8-3,平安,,細山-20,74,139.5107584,35.61610026
14137001400,14137,麻生区No.14,散布地,川崎市麻生区千代ヶ丘6-6ほか,縄文,,細山-14,74,139.5100374,35.61644913
14137001500,14137,麻生区No.15,その他の墓 集落跡,川崎市麻生区千代ヶ丘6-3-22,平安,坂東谷遺跡,細山-21,74,139.5102091,35.61530482
14137001600,14137,麻生区No.16,散布地,川崎市麻生区高石3-25ほか,縄文　弥生　古墳　奈良　平安,弦巻遺跡・稲荷森遺跡,細山-5,74,139.5191183,35.61470475
14137001700,14137,麻生区No.17,その他の墓,川崎市麻生区高石1-26ほか,中世,高石経塚,細山-6,74,139.5160799,35.61217881
14137001800,14137,麻生区No.18,散布地,川崎市麻生区高石2-6,縄文　弥生,,細山-11,74,139.5120115,35.61233232
14137001900,14137,麻生区No.19,集落跡,川崎市麻生区高石2-2ほか,縄文　奈良　平安,,細山-12,74,139.5113983,35.61058686
14137002000,14137,麻生区No.20,散布地,川崎市麻生区高石5-15ほか,縄文　奈良　平安,,長沢-7,75,139.5216751,35.60452277
14137002100,14137,麻生区No.21,散布地,川崎市麻生区東百合丘2-20,縄文,,長沢-13,69,139.5255762,35.59838531
14137002200,14137,麻生区No.22,その他の墓,川崎市麻生区東百合丘2-5,平安,生田ナベコロガシ遺跡,長沢-19,69,139.5272241,35.60017192
14137002300,14137,麻生区No.23,散布地,川崎市麻生区王禅寺東1-30,縄文,,稗原-9,75,139.5218992,35.59367315
14137002400,14137,麻生区No.24,散布地,川崎市麻生区王禅寺東2-42,縄文　奈良　平安,日吉谷遺跡,王禅寺-6,76,139.5194058,35.59050441
14137002500,14137,麻生区No.25,その他の墓,川崎市麻生区千代ヶ丘7-12,中世,細山経塚遺跡,細山-18,74,139.506531,35.615566
14137002600,14137,麻生区No.26,その他の墓,川崎市麻生区千代ヶ丘5-8-2,平安,,細山-19,74,139.5080933,35.61428081
14137002700,14137,麻生区No.27,散布地,川崎市麻生区千代ヶ丘3-17ほか,奈良　平安,,細山-15,74,139.5078738,35.61321125
14137002800,14137,麻生区No.28,散布地,川崎市麻生区金程4-19ほか,縄文,,細山-16,74,139.503677,35.614174
14137002900,14137,麻生区No.29,集落跡,川崎市麻生区向原2-2ほか,縄文,細山向原遺跡,後原-1,79,139.4958232,35.61384622
14137003000,14137,麻生区No.30,集落跡,川崎市麻生区金程2-10ほか,縄文,金程向原遺跡第３地点,細山-17,79,139.4990504,35.61158542
14137003100,14137,麻生区No.31,散布地,川崎市麻生区金程1-38,縄文,,百合丘-7,74,139.5024279,35.61053524
14137003200,14137,麻生区No.32,散布地,川崎市麻生区万福寺215ほか,奈良　平安,,百合丘-4,75,139.5036008,35.60676765
14137003300,14137,麻生区No.33,散布地,川崎市麻生区万福寺379ほか,縄文　弥生,,百合丘-3,74,139.506931,35.60830287
14137003400,14137,麻生区No.34,散布地,川崎市麻生区万福寺395ほか,弥生　古墳,,百合丘-2,74,139.5088879,35.60835869
14137003500,14137,麻生区No.35,散布地,川崎市麻生区万福寺550ほか,縄文　弥生　古墳　奈良　平安,,百合丘-1,74,139.5109276,35.60824351
14137003600,14137,麻生区No.36,散布地,川崎市麻生区古沢246ほか,縄文　奈良　平安,,百合丘-5,80,139.4991988,35.60433912
14137003700,14137,麻生区No.37,その他の遺跡,川崎市麻生区五力田247ほか,近世,,五力田-6,80,139.4906487,35.60461305
14137003800,14137,麻生区No.38,散布地,川崎市麻生区五力田249ほか,縄文　弥生　古墳　奈良　平安,,五力田-7,80,139.4909762,35.60442287
14137003900,14137,麻生区No.39,散布地,川崎市麻生区古沢578ほか,縄文,,五力田-1,80,139.4945125,35.60514863
14137004000,14137,麻生区No.40,散布地,川崎市麻生区古沢564ほか,縄文　奈良　平安,,五力田-2,80,139.4959544,35.60470201
14137004100,14137,麻生区No.41,散布地,川崎市麻生区古沢228ほか,縄文,,五力田-3,80,139.4974822,35.6036971
14137004200,14137,麻生区No.42,散布地,川崎市麻生区古沢287ほか,奈良　平安,古沢都古遺跡,百合丘-6,80,139.4992846,35.60298528
14137004300,14137,麻生区No.43,集落跡,川崎市麻生区五力田2-11ほか,縄文,五力田西遺跡,五力田-13,80,139.4908478,35.60047484
14137004400,14137,麻生区No.44,集落跡,川崎市麻生区五力田2-3ほか,縄文　弥生,五力田東遺跡,五力田-8,80,139.4933967,35.59960795
14137004500,14137,麻生区No.45,散布地,川崎市麻生区五力田3-16ほか,縄文　弥生　古墳　奈良　平安,,五力田-5,80,139.4958,35.60069666
14137004600,14137,麻生区No.46,散布地,川崎市麻生区五力田3-4ほか,縄文　弥生　古墳　奈良　平安,,五力田-4,80,139.4979457,35.60020814
14137004700,14137,麻生区No.47,集落跡,川崎市麻生区片平1-8ほか,縄文　奈良　平安,菓積台遺跡,百合丘-8,80,139.4993877,35.59960795
14137004800,14137,麻生区No.48,集落跡,川崎市麻生区上麻生4-41,縄文　弥生　古墳　奈良　平安,山口台遺跡群上台遺跡,王禅寺-3,75,139.5020656,35.596593
14137004900,14137,麻生区No.49,集落跡,川崎市麻生区上麻生5-10,縄文,上麻生日光台遺跡,王禅寺-4,81,139.5009155,35.59325687
14137005000,14137,麻生区No.50,集落跡,川崎市麻生区上麻生5-21ほか,縄文　弥生　古墳　奈良　平安,大ヶ谷戸遺跡,王禅寺-5,81,139.5001773,35.59131655
14137005100,14137,麻生区No.51,散布地,川崎市麻生区王禅寺西7-17,弥生,,王禅寺-1,76,139.5048122,35.58627708
14137005200,14137,麻生区No.52,横穴墓,川崎市麻生区王禅寺1857ほか,古墳,王禅寺白山横穴墓群,王禅寺-2,76,139.5075783,35.5852252
14137005300,14137,麻生区No.53,古墳,川崎市麻生区下麻生1094,古墳,下麻生古墳群,早野-9,76,139.508514,35.580406
14137005400,14137,麻生区No.54,散布地,川崎市麻生区王禅寺133ほか,縄文　弥生　古墳　奈良　平安,東柿生小学校北遺跡,早野-10,76,139.510942,35.58036705
14137005500,14137,麻生区No.55,散布地,川崎市麻生区王禅寺24-2,縄文　古墳　奈良　平安,,早野-11,77,139.5129505,35.57968295
14137005600,14137,麻生区No.56,散布地,川崎市麻生区王禅寺183ほか,縄文　弥生　古墳　奈良　平安,,早野-12,77,139.5139118,35.5795573
14137005700,14137,麻生区No.57,散布地,川崎市麻生区王禅寺288,縄文　弥生　古墳　奈良　平安,,早野-1,77,139.5176122,35.57915786
14137005800,14137,麻生区No.58,散布地,川崎市麻生区王禅寺305ほか,縄文　弥生,,早野-2,77,139.5188997,35.57876693
14137005900,14137,麻生区No.59,散布地,川崎市麻生区王禅寺310ほか,縄文,,早野-3,77,139.5185907,35.57826432
14137006000,14137,麻生区No.60,散布地,川崎市麻生区早野28,縄文　弥生　古墳　奈良　平安,,早野-14,77,139.5140588,35.57684022
14137006100,14137,麻生区No.61,散布地,川崎市麻生区王禅寺94ほか,縄文　弥生　古墳　奈良　平安 中世,東柿生小学校内遺跡,早野-13,77,139.5111038,35.57848934
14137006200,14137,麻生区No.62,古墳,川崎市麻生区王禅寺56,古墳,牛塚古墳,早野-21,77,139.5124428,35.57832181
14137006300,14137,麻生区No.63,古墳,川崎市麻生区王禅寺94,古墳,狐塚古墳,早野-15,77,139.5129464,35.57804074
14137006400,14137,麻生区No.64,古墳,川崎市麻生区早野67,古墳,子ノ神神社古墳,早野-16,77,139.512787,35.576031
14137006500,14137,麻生区No.65,散布地,川崎市麻生区早野950ほか,縄文　弥生　古墳　奈良　平安,,早野-5,77,139.5153463,35.57314025
14137006600,14137,麻生区No.66,散布地,川崎市麻生区早野932ほか,縄文　古墳　奈良　平安,,早野-6,77,139.5163591,35.57213495
14137006700,14137,麻生区No.67,横穴墓,川崎市麻生区早野889ほか,古墳,早野横穴墓,早野-4,77,139.5174234,35.57272137
14137006800,14137,麻生区No.68,散布地,川崎市麻生区早野798ほか,旧石器　縄文　弥生　古墳 奈良　平安　中世　近世,早野上ノ原遺跡,早野-7,77,139.5190885,35.57052922
14137006900,14137,麻生区No.69,散布地,川崎市麻生区早野718ほか,奈良　平安,,早野-8,77,139.516531,35.57065724
14137007000,14137,麻生区No.70,散布地,川崎市麻生区早野634ほか,縄文　弥生　古墳　奈良　平安,,鴨志田-1,77,139.515312,35.5685325
14137007100,14137,麻生区No.71,古墳,川崎市麻生区上麻生7-38,縄文　古墳,亀井古墳群,早野-17,77,139.5053325,35.58024354
14137007200,14137,麻生区No.72,散布地,川崎市麻生区上麻生7-41,縄文　弥生　古墳　奈良　平安 中世,,早野-18,77,139.5057273,35.57897306
14137007300,14137,麻生区No.73,散布地,川崎市麻生区上麻生7-27,縄文　弥生　古墳　奈良　平安,,早野-20,77,139.502813,35.58009766
14137007400,14137,麻生区No.74,散布地,川崎市麻生区上麻生7-16,縄文,,早野-19,81,139.501048,35.58193858
14137007500,14137,麻生区No.75,散布地,川崎市麻生区片平3-10ほか,縄文　弥生　古墳　奈良　平安,,片平-1,81,139.492866,35.58983765
14137007600,14137,麻生区No.76,散布地,川崎市麻生区片平4-8ほか,奈良　平安,,片平-2,81,139.4903284,35.59211069
14137007700,14137,麻生区No.77,集落跡,川崎市麻生区片平3-27ほか,縄文,仲町遺跡,片平-3・4,81,139.4886979,35.59103293
14137007800,14137,麻生区No.78,散布地,川崎市麻生区片平4-14ほか,縄文　奈良　平安,,片平-6,80,139.4873738,35.59374742
14137007900,14137,麻生区No.79,散布地,川崎市麻生区片平2014ほか,縄文　奈良　平安,,片平-5,80,139.4860177,35.59522704
14137008000,14137,麻生区No.80,散布地,川崎市麻生区片平1785ほか,縄文　奈良　平安,,片平-7,80,139.4831337,35.59625998
14137008100,14137,麻生区No.81,散布地,川崎市麻生区片平1642ほか,縄文　奈良　平安,桐光学園第ニグラウンド建設予定地内遺跡,五力田-12,80,139.4827657,35.5982679
14137008200,14137,麻生区No.82,集落跡,川崎市麻生区片平1610ほか,縄文　奈良　平安,,片平-8,85,139.4798765,35.59689825
14137008300,14137,麻生区No.83,古墳,川崎市麻生区片平748ほか,古墳,片平富士塚,片平-9,85,139.4798636,35.59672551
14137008400,14137,麻生区No.84,散布地,川崎市麻生区片平1556ほか,縄文　弥生　古墳　奈良　平安,,五力田-10,80,139.4812781,35.60019214
14137008500,14137,麻生区No.85,散布地,川崎市麻生区栗木249ほか,縄文　平安,,五力田-11,85,139.4772033,35.60273241
14137008600,14137,麻生区No.86,散布地,川崎市麻生区栗木227ほか,縄文　奈良　平安,栗木南IV遺跡,五力田-9,85,139.4773235,35.6003038
14137008700,14137,麻生区No.87,散布地,川崎市麻生区栗木3-9ほか,縄文,,栗木-1,85,139.4719676,35.60199267
14137008800,14137,麻生区No.88,散布地,川崎市麻生区栗木3-2ほか,縄文,,栗木-3,85,139.4705257,35.60518887
14137008900,14137,麻生区No.89,散布地,川崎市麻生区栗木2-5ほか,縄文,,栗木-2,85,139.4701995,35.60761733
14137009000,14137,麻生区No.90,集落跡,川崎市麻生区栗木台2-13ほか,縄文,栗木第一遺跡,黒川-8,84,139.4732894,35.61120406
14137009100,14137,麻生区No.91,集落跡,川崎市麻生区南黒川4ほか,縄文,栗木III遺跡,黒川-10,84,139.4713722,35.61250369
14137009200,14137,麻生区No.92,散布地,川崎市麻生区南黒川5ほか,縄文　弥生,,黒川-4,84,139.4722637,35.61336195
14137009300,14137,麻生区No.93,散布地,川崎市麻生区黒川404ほか,縄文　弥生　古墳　奈良　平安,栗木IV遺跡,黒川-3,84,139.4733463,35.61377364
14137009400,14137,麻生区No.94,散布地,川崎市麻生区黒川459ほか,縄文,黒川東第２遺跡,黒川-2,84,139.4744621,35.61688563
14137009500,14137,麻生区No.95,集落跡,川崎市麻生区黒川527ほか,縄文,黒川東遺跡,黒川-1,84,139.4756809,35.61747173
14137009600,14137,麻生区No.96,集落跡,川崎市麻生区黒川692ほか,縄文,黒川地区遺跡群宮添遺跡,黒川-5,84,139.4702564,35.61709495
14137009700,14137,麻生区No.97,集落跡,川崎市麻生区黒川92ほか,縄文,黒川地区遺跡群宮添遺跡,黒川-9,84,139.4687114,35.61602043
14137009800,14137,麻生区No.98,集落跡,川崎市麻生区黒川710ほか,縄文　弥生,黒川地区遺跡群谷ツ遺跡,黒川-6,84,139.4681258,35.61762564
14137009900,14137,麻生区No.99,集落跡,川崎市麻生区黒川1041ほか,縄文,黒川台東遺跡・黒川地区遺跡群No.５遺跡,黒川-11,84,139.4655357,35.61850438
14137010000,14137,麻生区No.100,集落跡,川崎市麻生区黒川1073ほか,縄文,黒川台西遺跡・黒川地区遺跡群No.16遺跡,黒川-12,84,139.4635253,35.61885365
14137010100,14137,麻生区No.101,集落跡,川崎市麻生区黒川936ほか,縄文,黒川地区遺跡群No.３遺跡,黒川-13,83,139.4637656,35.62245383
14137010200,14137,麻生区No.102,散布地,川崎市麻生区黒川1444ほか,縄文,黒川海道遺跡,黒川-7,88,139.4554224,35.61700425
14137010300,14137,麻生区No.103,散布地,川崎市麻生区黒川1649ほか,縄文　弥生　古墳　奈良　平安,,多摩-1,88,139.4530028,35.61764213
14137010400,14137,麻生区No.104,散布地,川崎市麻生区黒川2046ほか,縄文　弥生,,別所-1,89,139.4539792,35.6059385
14137010500,14137,麻生区No.105,散布地 横穴墓,川崎市麻生区岡上526ほか,縄文　弥生　古墳　奈良　平安,,栗ヶ谷戸-1,87,139.476636,35.57984618
14137010600,14137,麻生区No.106,散布地,川崎市麻生区岡上593ほか,奈良　平安,,岡上-8,87,139.4785373,35.57889802
14137010700,14137,麻生区No.107,散布地,川崎市麻生区岡上585ほか,奈良　平安,,岡上-9,87,139.4787776,35.578179
14137010800,14137,麻生区No.108,散布地,川崎市麻生区岡上540,縄文　弥生　古墳　奈良　平安,,栗ヶ谷戸-2,87,139.4767177,35.5778509
14137010900,14137,麻生区No.109,散布地,川崎市麻生区岡上621ほか,弥生　古墳　奈良　平安,,岡上-7,87,139.4799192,35.57888406
14137011000,14137,麻生区No.110,散布地,川崎市麻生区岡上675-1ほか,縄文　弥生　古墳　奈良　平安,岡上丸山遺跡,岡上-6,82,139.4829273,35.57903526
14137011100,14137,麻生区No.111,散布地,川崎市麻生区岡上184ほか,縄文　弥生　古墳　奈良　平安,,岡上-3,81,139.487133,35.58172978
14137011200,14137,麻生区No.112,散布地,川崎市麻生区岡上137ほか,縄文　弥生　古墳　奈良　平安,,岡上-1・2,81,139.4882145,35.58145056
14137011300,14137,麻生区No.113,散布地,川崎市麻生区岡上219ほか,縄文　弥生　古墳　奈良　平安,,岡上-10,81,139.4858799,35.58104569
14137011400,14137,麻生区No.114,社寺跡 集落跡,川崎市麻生区岡上794,縄文　弥生　古墳　奈良　平安,岡上廃寺推定地、岡上栗畑遺跡,岡上-4,82,139.4864464,35.57897942
14137011500,14137,麻生区No.115,散布地,川崎市麻生区岡上815,縄文　弥生　古墳　奈良　平安,,岡上-5,82,139.4845924,35.57673159
14137011600,14137,麻生区No.116,散布地,川崎市麻生区岡上941,縄文,,岡上-11,82,139.4820949,35.57558786
14137011700,14137,麻生区No.117,散布地,川崎市麻生区岡上972ほか,縄文　弥生　奈良　平安,,岡上-12,82,139.4812194,35.57500145
14137011800,14137,麻生区No.118,散布地,川崎市麻生区岡上1330ほか,縄文,,岡上-13,87,139.477872,35.57176217
14137011900,14137,麻生区No.119,散布地,川崎市麻生区岡上1331ほか,弥生　奈良　平安,,栗ヶ谷戸-3,87,139.4760696,35.57180406
14137012000,14137,麻生区No.120,横穴墓,川崎市麻生区上麻生7-16,古墳,麻生台横穴墓群,早野?23,81,139.5016831,35.58290886
14137012100,14137,麻生区No.121,集落跡 板碑,川崎市麻生区向原1-3ほか,縄文　奈良　平安,金程向原遺跡第１地点,細山-23,79,139.500122,35.615639
14137012200,14137,麻生区No.122,集落跡,川崎市麻生区金程3-16ほか,縄文　奈良　平安,金程向原遺跡第２地点,細山-24,79,139.4994581,35.61377295
14137012300,14137,麻生区No.123,散布地,川崎市麻生区百合丘3-21ほか,縄文　奈良　平安,潮見台遺跡Ｆ・Ｇ地点,稗原-11,69,139.5186,35.601406
14137012400,14137,麻生区No.124,集落跡,川崎市麻生区五カ田278ほか,奈良　平安,五力田遺跡,五力田-14,79,139.4867047,35.60723693
14137012500,14137,麻生区No.125,集落跡,川崎市麻生区五カ田300ほか,奈良　平安,五力田遺跡,五力田-15,79,139.4847478,35.60790684
14137012600,14137,麻生区No.126,横穴墓,川崎市麻生区王禅寺1785,古墳,王禅寺白山横穴募群,王禅寺-7,76,139.508144,35.58540689
14137012700,14137,麻生区No.127,横穴墓,川崎市麻生区王禅寺229ほか,古墳,王禅寺寺口横穴墓,早野-22,76,139.5147798,35.57986989
14137012800,14137,麻生区No.128,散布地,川崎市麻生区王禅寺153ほか,奈良　平安,王禅寺入口遺跡,早野-26,77,139.5120137,35.57982964
14137012900,14137,麻生区No.129,横穴墓,川崎市麻生区上麻生7-9,古墳,仲村横穴古墳群１区,早野?24,81,139.5005845,35.58265059
14137013000,14137,麻生区No.130,横穴墓,川崎市麻生区上麻生259-1,古墳,仲村横穴古墳群２区,早野?25,81,139.4998206,35.58148485
14137013100,14137,麻生区No.131,集落跡,川崎市麻生区黒川104ほか,縄文,黒川地区遺跡群No.10遺跡,黒川-14,84,139.4698787,35.61554595
14137013200,14137,麻生区No.132,散布地,川崎市麻生区黒川867ほか,縄文,,黒川-15,83,139.4646926,35.62316548
14137013300,14137,麻生区No.133,集落跡,川崎市麻生区黒川1073ほか,縄文,黒川地区遺跡群No.9遺跡,黒川-16,84,139.4641281,35.6182811
14137013400,14137,麻生区No.134,集落跡,川崎市麻生区黒川936ほか,縄文,黒川地区遺跡群No.11遺跡,黒川-17,84,139.4601834,35.6163597
14137013500,14137,麻生区No.135,集落跡,川崎市麻生区黒川1643ほか,縄文,黒川丸山遺跡,多摩-2,88,139.4536551,35.61726536
14137013600,14137,麻生区No.136,散布地,川崎市麻生区早野765ほか,縄文,,鴨志田-2,77,139.5174921,35.56990089
14137013700,14137,麻生区No.137,集落跡,川崎市麻生区黒川1143ほか,縄文,黒川地区遺跡群No.13遺跡,黒川-18,83,139.4598002,35.62096075
14137013800,14137,麻生区No.138,集落跡,川崎市麻生区黒川1141ほか,縄文,黒川地区遺跡群No.14遺跡,黒川-19,84,139.4600948,35.62002229
14137013900,14137,麻生区No.139,集落跡,川崎市麻生区黒川989ほか,縄文,黒川地区遺跡群No.15遺跡,黒川-20,84,139.4619116,35.61967696
14137014000,14137,麻生区No.140,集落跡,川崎市麻生区黒川1121ほか,縄文,黒川地区遺跡群No.17遺跡,黒川-21,84,139.4614138,35.61868619
14137014100,14137,麻生区No.141,集落跡,川崎市麻生区黒川1155ほか,縄文,黒川地区遺跡群No.18遺跡,黒川-22,84,139.4597386,35.61926419
14137014200,14137,麻生区No.142,集落跡,川崎市麻生区黒川1157ほか,縄文,黒川地区遺跡群No.20遺跡,黒川-23,84,139.4590027,35.61876706
14137014300,14137,麻生区No.143,散布地,川崎市麻生区黒川1236ほか,縄文,黒川地区遺跡群No.23遺跡,黒川-24,88,139.4566338,35.61716227
14137014400,14137,麻生区No.144,集落跡,川崎市麻生区黒川1248ほか,縄文,黒川地区遺跡群No.24・25遺跡,黒川-25,84,139.4589302,35.6167644
14137014500,14137,麻生区No.145,散布地,川崎市麻生区黒川1283ほか,縄文,黒川地区遺跡群No.26遺跡,黒川-26,84,139.4635272,35.61729032
14137014600,14137,麻生区No.146,散布地,川崎市麻生区黒川1273ほか,縄文,黒川地区遺跡群No.27遺跡,黒川-27,84,139.4631703,35.615648
14137014700,14137,麻生区No.147,散布地,川崎市麻生区黒川1300ほか,縄文,黒川地区遺跡群No.28遺跡,黒川-28,84,139.4641257,35.614911
14137014800,14137,麻生区No.148,散布地,川崎市麻生区黒川726ほか,縄文,黒川地区遺跡群No.29遺跡,黒川-29,84,139.4661744,35.61553636
14137015000,14137,麻生区No.150,集落跡,川崎市麻生区片平1600,縄文,金井原遺跡,五力田-16,85,139.4797318,35.59833356
14137015100,14137,麻生区No.151,集落跡,川崎市麻生区向原2-13ほか,縄文　古墳,川崎市麻生区土地区画整理事業地内遺跡,後原-2,79,139.4968832,35.61588019
14137015200,14137,麻生区No.152,やぐら,川崎市麻生区王禅寺371,中世　近世,王禅寺通やぐら遺跡,早野-27,76,139.5164087,35.58179237
14137015300,14137,麻生区No.153,横穴墓,川崎市麻生区上麻生7-23,古墳,亀井横穴墓群,岡上-28,82,139.5018517,35.57937167
14137015400,14137,麻生区No.154,横穴墓,川崎市麻生区下麻生990,古墳,花島横穴墓群,早野-29,76,139.508514,35.580406
14137015500,14137,麻生区No.155,その他の墓,川崎市麻生区岡上744-5,中世,,岡上-14,82,139.4873734,35.5800684
14137015600,14137,麻生区No.156,散布地,川崎市麻生区黒川859,縄文,黒川地区遺跡群No.８遺跡,黒川-30,83,139.4656367,35.62348641
14137015700,14137,麻生区No.157,古墳,川崎市麻生区王禅寺東5-141付近,古墳,王禅寺東古墳,早野-30,76,139.5136514,35.58104497
14137015800,14137,麻生区No.158,散布地,川崎市麻生区黒川2120ほか,縄文　近世,黒川明坪遺跡,別所-2,88,139.4514643,35.61003471
14137015900,14137,麻生区No.159,横穴墓,川崎市麻生区岡上1096,古墳,,—,82,139.4816227,35.57749948
14137016000,14137,麻生区No.160,散布地,川崎市麻生区上麻生7-759ほか,縄文,月讀神社境内遺跡,—,77,139.5049126,35.58040022
14137016100,14137,麻生区No.161,散布地,川崎市宮前区潮見台24,縄文,東百合ヶ丘3丁目遺跡,稗原-5,70,139.5264873,35.59384673
14137016200,14137,麻生区No.162,横穴墓,川崎市麻生区上麻生5-20付近,古墳,上麻生大ヶ谷戸横穴墓群,—,81,139.4998183,35.59193505